{"type":"FeatureCollection","features":[{"type":"Feature","id":2,"geometry":{"type":"LineString","coordinates":[[-66.312297507324,-24.2142285716912],[-66.3133500001024,-24.2160399996462],[-66.3163800004367,-24.2169399997811],[-66.3168499996277,-24.2241100003762],[-66.3191899996187,-24.2282699997607],[-66.3217099998166,-24.230419999983],[-66.3236900002933,-24.2313400001408],[-66.3253300003792,-24.2337000001548],[-66.326960000004,-24.2352000000799],[-66.3306599997591,-24.2360400001459],[-66.3330900003032,-24.2370499999575],[-66.3360300000844,-24.2399200001079],[-66.3364600001289,-24.2418399996162],[-66.3386500003971,-24.2429899995888],[-66.34019999993,-24.2446699997207],[-66.3466299996747,-24.2486099997516],[-66.3501799997072,-24.2516400000859],[-66.3521600001838,-24.2527399995513],[-66.3545099997366,-24.2533099997567],[-66.3574899995638,-24.2528399996662],[-66.3598499995778,-24.2520500001074],[-66.3704399996063,-24.2531499995728],[-66.3733299997796,-24.2517400002008],[-66.3750999995653,-24.2514300002942],[-66.3772400002258,-24.2522100002913],[-66.3810200000729,-24.2558000003697],[-66.3844600004286,-24.2575199996482],[-66.387919999908,-24.2598399996163],[-66.3909999998501,-24.2611299997496],[-66.3943400000909,-24.2613900000484],[-66.3984299998446,-24.260079999892],[-66.3976099998016,-24.2588699998506],[-66.3967600001739,-24.2587400001509],[-66.3967699997357,-24.2576799998321],[-66.3975299997097,-24.2568599997891],[-66.3986100000514,-24.256919999858],[-66.3993700000254,-24.2565000002747],[-66.4007299997896,-24.2545300002593],[-66.4009799996272,-24.2535599995942],[-66.4032999995953,-24.2514399998561],[-66.4063699999755,-24.2464499999675],[-66.4068899996737,-24.2431000001648],[-66.4072300000644,-24.2425799995673],[-66.409819999893,-24.2407200001279],[-66.4123200000679,-24.2398800000619],[-66.4172200003027,-24.2390899996038],[-66.4191300002493,-24.2384499997676],[-66.4218699998006,-24.2386599995593],[-66.4248099995818,-24.2359899996387],[-66.4277300002393,-24.2354000003097],[-66.4286199999131,-24.2345600002438],[-66.433339999941,-24.2320400000459],[-66.4352600003487,-24.2301100000764],[-66.4363199997682,-24.2275899998785],[-66.4389899996887,-24.2241800000069],[-66.4393599996642,-24.224079999892],[-66.4392600004486,-24.2251299997496],[-66.4414099997716,-24.2221600003837],[-66.4410500002573,-24.2234200000329],[-66.4412200000029,-24.2235600001938],[-66.4418799998621,-24.2227099996667],[-66.4430699998805,-24.2250400000959],[-66.4437800002468,-24.2252000002798],[-66.4449399997811,-24.2261700000454],[-66.4464500001673,-24.2251299997496],[-66.4470600004186,-24.22340000001],[-66.4478799995623,-24.2222500000374],[-66.450539999921,-24.2216599998091],[-66.4493299998795,-24.2237699999855],[-66.4550700001803,-24.2199799996772],[-66.4536300003242,-24.2214399995563],[-66.4528399998661,-24.2232300002643],[-66.4514899996637,-24.2244200002828],[-66.4517499999625,-24.2262199996532],[-66.4505900004281,-24.2294900002632],[-66.4508600002887,-24.2301700001453],[-66.4518700001004,-24.2296800000319],[-66.4525400004206,-24.2299099998466],[-66.4523800002368,-24.2314800003017],[-66.4530099996118,-24.2319700004151],[-66.4547800002968,-24.2303100003062],[-66.454459999929,-24.2296500004471],[-66.4554400001558,-24.2281899996687],[-66.4567100002662,-24.2292900000334],[-66.4572099999415,-24.2292900000334],[-66.4570899998036,-24.2281699996457],[-66.4589599997042,-24.2289000000349],[-66.4631699995958,-24.2247599997741],[-66.4643399995913,-24.2252099998416],[-66.4669700003652,-24.224159999984],[-66.4675300001094,-24.2233100003562],[-66.4677199998781,-24.2215599996942],[-66.4684900003132,-24.2219400001309],[-66.4688699998506,-24.2217900004081],[-66.4692100002413,-24.2205600003437],[-66.468519999898,-24.2211299996498],[-66.4686299995748,-24.220139999861],[-66.4697699999855,-24.2199599996542],[-66.4706999997052,-24.2177100002163],[-66.4718099996317,-24.217059999919],[-66.4718499996777,-24.2155899995788],[-66.4728499999275,-24.2148699996507],[-66.4729099999965,-24.2133200001178],[-66.4746999998051,-24.212339999891],[-66.4749499996427,-24.2119000002847],[-66.4734000001099,-24.2120200004226],[-66.4711499997726,-24.211660000009],[-66.4731500002723,-24.2112700000105],[-66.4749400000809,-24.2090999997652],[-66.4763500003522,-24.2091500002722],[-66.4777399997012,-24.2083399997911],[-66.4809500002423,-24.2039499996927],[-66.4828400001658,-24.203019999973],[-66.4867600001738,-24.2017699998855],[-66.4901700000455,-24.1987700000354],[-66.4916600004087,-24.1985499997827],[-66.4930099997117,-24.1968000000199],[-66.4948099999815,-24.1961800002068],[-66.4950300002343,-24.1950100002113],[-66.4963299999295,-24.1936800000319],[-66.4970299998346,-24.193559999894],[-66.4977600002238,-24.1938699998006],[-66.4988300001044,-24.1946899998435],[-66.4992400001258,-24.1959500003921],[-66.5008699997506,-24.1963400003906],[-66.5025899999285,-24.1954800003017],[-66.5071400002108,-24.1915400002708],[-66.5091799998571,-24.1909999996502],[-66.5110600002188,-24.1911900003182],[-66.5124499995678,-24.1922200001528],[-66.5187800000969,-24.1953200001179],[-66.5211000000649,-24.1957900002083],[-66.5257600000239,-24.1981399997611],[-66.5273499996027,-24.1995399995713],[-66.5284999995753,-24.2019100000465],[-66.5307499999125,-24.2040299997846],[-66.53280000002,-24.2042599995992],[-66.536619999913,-24.2034099999715],[-66.5380999998151,-24.2034099999715],[-66.5407299996897,-24.2043900001983],[-66.5424600003287,-24.2044700002903],[-66.5443599998141,-24.2058100000314],[-66.5470899998036,-24.2064000002598],[-66.5481900001683,-24.2057299999395],[-66.5478600002388,-24.2028500002273],[-66.5482399997761,-24.2019199996083],[-66.5467900003582,-24.1980599996692],[-66.5463600003137,-24.195979999977],[-66.550739999951,-24.1935300003092],[-66.5519299999695,-24.1931800003567],[-66.5540600001688,-24.1933700001254],[-66.5546100003512,-24.1924799995523],[-66.5559700001154,-24.1916000003397],[-66.5576399997861,-24.1889699995658],[-66.559319999918,-24.1875699997556],[-66.5607700002353,-24.187359999964],[-66.5621599995843,-24.1863100001064],[-66.5665499996827,-24.1867099996667],[-66.5726700004201,-24.1893700000255],[-66.5739500000924,-24.1896500003472],[-66.5812500003872,-24.1881700004451],[-66.5912700002103,-24.1880100002613],[-66.5958300000544,-24.1876099998016],[-66.5974399996562,-24.1872100002413],[-66.6021399996612,-24.1844600002288],[-66.6044500000674,-24.184239999976],[-66.6050400002957,-24.1828200001428],[-66.6255000004247,-24.1762199997531],[-66.6314699996407,-24.1753900001484],[-66.6375100002862,-24.1753500001024],[-66.6399300003692,-24.1738500001773],[-66.6458600004386,-24.1717899996087],[-66.6589800002268,-24.1612100000414],[-66.6715699998556,-24.1486000003897],[-66.6749999997501,-24.1437600002238],[-66.6780999997152,-24.1410799998421],[-66.6842099999915,-24.1415200003477],[-66.6982600003986,-24.1384900000135],[-66.7038300000544,-24.1376899999935],[-66.7087500003122,-24.1364700003902],[-66.7120800000919,-24.136439999906],[-66.714319999968,-24.1351499997726],[-66.7156500001474,-24.1334299995947],[-66.7262899997836,-24.1117400003008],[-66.7272200004027,-24.1045299996597],[-66.7319499999925,-24.1006000000899],[-66.7352500001873,-24.0983600002138],[-66.7377700003852,-24.0950600000189],[-66.7402000000299,-24.0931799996572],[-66.7420800003916,-24.0924900002133],[-66.7473200001179,-24.0916999997551],[-66.7516100001014,-24.0916500001474],[-66.7825400001209,-24.094239999976],[-66.7841099996767,-24.0948100001813],[-66.7857000001549,-24.0963900001983],[-66.7887099995668,-24.0970799996422],[-66.789480000002,-24.0969499999425],[-66.7908700002503,-24.0960000001998],[-66.7919899997386,-24.0930400003957],[-66.7921999446717,-24.0926989540934]]},"properties":{"OBJECTID":2,"descript":"CBV","IDUSCO":8001069839,"LEN":11097,"NAM":"RN  51","ACC_LBL":"Exacta","HCT_LBL":"Ruta primaria","RST_LBL":"Consolidada","TUC_LBL":"Informaci\u00f3n no disponible","TYP_LBL":"Carretera","WTC_LBL":"Informaci\u00f3n no disponible","ZPP_LBL":"ARG","OBS":"Oficial - Validada","Secundaria":"0","Intervencion":1,"Carriles":2,"Shape__Length":75835.80982084716}},{"type":"Feature","id":3,"geometry":{"type":"LineString","coordinates":[[-65.6370310458461,-24.9073683079011],[-65.6490199997731,-24.9071799997572],[-65.653879999962,-24.905759999924],[-65.6564400002058,-24.9038200003927],[-65.6614300000944,-24.9009500002423],[-65.6619699998156,-24.9002300003142],[-65.6630399996962,-24.8997000001548],[-65.6639599998541,-24.8963700003752],[-65.665579999917,-24.8948500004272],[-65.6679300003692,-24.8940500004071],[-65.6701599997841,-24.8919600002538],[-65.671079999942,-24.8916100003012],[-65.6733700003252,-24.8914300000944],[-65.6758899996237,-24.8919000001848],[-65.6824000003597,-24.8900100002613],[-65.6885899998286,-24.8898999996852],[-65.6910699999805,-24.890859999889],[-65.6918700000004,-24.8920899999535],[-65.6943599997142,-24.8944099999215],[-65.6958399996162,-24.8931100002263],[-65.6956099998016,-24.8908399998661],[-65.6970299996347,-24.8881200003377],[-65.6977699995858,-24.8878299995548],[-65.7010800002418,-24.8880800002917],[-65.7018299997546,-24.887759999924],[-65.7018299997546,-24.8873600003637],[-65.7006500001973,-24.8860999998151],[-65.6998300001543,-24.881479999902],[-65.6988200003427,-24.8803600004137],[-65.6974199996332,-24.8712300002642],[-65.6999500002922,-24.866679999982],[-65.6999100002463,-24.8651699995958],[-65.7035000003247,-24.8623999995603],[-65.7067799995972,-24.8565800000669],[-65.7077900003083,-24.8561200004376],[-65.7093300002792,-24.8562599996992],[-65.7099900001384,-24.8560200003227],[-65.7119499996927,-24.8537600004236],[-65.7150000000499,-24.8523799997371],[-65.7162500001373,-24.8509300003192],[-65.7203700003752,-24.8483300000294],[-65.7222600002987,-24.8466200003127],[-65.7223699999755,-24.8459099999465],[-65.7214299997946,-24.8443999995603],[-65.7222000002298,-24.8417699996857],[-65.7228499996277,-24.8407399998511],[-65.7243899995988,-24.8396600004086],[-65.7259800000769,-24.8343399996912],[-65.7278299999545,-24.8337700003852],[-65.7287199996283,-24.8328199997432],[-65.7302099999915,-24.8291499995728],[-65.7295100000864,-24.8263999995603],[-65.7296500002473,-24.8243900003982],[-65.7286400004356,-24.8218900002233],[-65.7281399998611,-24.8176299998246],[-65.7263799996372,-24.8134500004172],[-65.7268400001659,-24.8108999997352],[-65.7258500003772,-24.8060400004456],[-65.7246699999205,-24.8038500001773],[-65.7247099999665,-24.8025800000669],[-65.7261200002378,-24.8003099997067],[-65.726659999959,-24.7983100001064],[-65.7277899999085,-24.7960100001614],[-65.7304900003132,-24.7923899995988],[-65.7309899999885,-24.7909699997657],[-65.7309400003807,-24.7891700003951],[-65.7315299997097,-24.7854299996947],[-65.7344100003212,-24.7811900002183],[-65.7364400004057,-24.7806499995978],[-65.7369099995968,-24.7801800004066],[-65.7371400003107,-24.7762600003987],[-65.7387099998666,-24.7749199997582],[-65.7392699996108,-24.7736899996936],[-65.7386899998436,-24.7719199999081],[-65.7413900002483,-24.7693999997102],[-65.741519999948,-24.7681099995768],[-65.7411200003877,-24.7660200003227],[-65.7429999998501,-24.7626200000129],[-65.7447400000509,-24.7607799996972],[-65.744679999982,-24.7587600000739],[-65.7450499999575,-24.7577399998011],[-65.7455099995868,-24.7572499996877],[-65.7469100002962,-24.7570900004031],[-65.7476700002703,-24.7566099998515],[-65.7481600003837,-24.7557600002238],[-65.7479099996467,-24.7545599997442],[-65.749279999872,-24.7536799996323],[-65.7507399997511,-24.7518099997317],[-65.7507599997741,-24.7510499997576],[-65.7496400002858,-24.7503800003367],[-65.7494299995948,-24.7489099999964],[-65.7513799995872,-24.7477699995858],[-65.7525600000439,-24.7462600000989],[-65.7530799997422,-24.7433000002947],[-65.7543400002908,-24.7409499998426],[-65.7541400000609,-24.739019999873],[-65.7559000002847,-24.7363099999065],[-65.7551899999185,-24.7336500004472],[-65.7553300000794,-24.7327100002662],[-65.7562599997991,-24.7319799998771],[-65.7588400000659,-24.7319399998311],[-65.7600999997152,-24.7311599998341],[-65.7606600003587,-24.7302999997452],[-65.7614000003097,-24.7249900003882],[-65.7600900001534,-24.7209100001963],[-65.760239999876,-24.7204899997137],[-65.7615300000094,-24.719580000017],[-65.7615200004476,-24.7174699998406],[-65.7624300001444,-24.7140300003842],[-65.7619699996158,-24.7129599996043],[-65.758759999974,-24.7102000000299],[-65.758739999951,-24.7092599998491],[-65.7595599999939,-24.7079800001768],[-65.7597099997167,-24.707019999973],[-65.7575899999784,-24.7046900004431],[-65.7570300002343,-24.7024400001059],[-65.7576000004397,-24.700820000043],[-65.757179999957,-24.6977099996167],[-65.7580699996307,-24.6960300003842],[-65.7592100000414,-24.6947400002508],[-65.7580099995618,-24.6924200002828],[-65.7580800000919,-24.6919300001693],[-65.7621200002378,-24.6868800002118],[-65.7649399998811,-24.6870400003957],[-65.7662500000374,-24.6880399997461],[-65.7671599997341,-24.6880599997691],[-65.7670300000344,-24.6865100002363],[-65.7691299997496,-24.6836699996707],[-65.7711700002952,-24.6826599998591],[-65.7727300002892,-24.6785399996213],[-65.77359999994,-24.6771300002493],[-65.7756799996322,-24.6755799998171],[-65.7786200003127,-24.6746100000514],[-65.7801800003068,-24.6736800003317],[-65.7830300004341,-24.6704699997906],[-65.7859599997541,-24.6682299999145],[-65.7886299996747,-24.6632600000489],[-65.7936500000474,-24.6598999997851],[-65.7996400001858,-24.6472900001334],[-65.80019999993,-24.6402100000914],[-65.8008999998351,-24.6385999995903],[-65.8019499996927,-24.6376000002398],[-65.8062399996762,-24.63499999995],[-65.8131299999495,-24.6336299997247],[-65.8148100000814,-24.632659999959],[-65.8155799996172,-24.6309399997811],[-65.8153299997796,-24.6277999997701],[-65.8156500001473,-24.6265400001209],[-65.8235599997941,-24.6161500003222],[-65.8239800002768,-24.6147899996587],[-65.8240699999305,-24.6110800003417],[-65.8259100002463,-24.6083300003292],[-65.8266399997362,-24.6064299999445],[-65.8301099996767,-24.6043300002293],[-65.8312100000414,-24.6030299996347],[-65.8324699996907,-24.6005799999669],[-65.837039999996,-24.5973100002562],[-65.8383599997142,-24.5954499999175],[-65.8388800003117,-24.5930000002498],[-65.8407700002353,-24.5916399995863],[-65.8418600001389,-24.5897099996167],[-65.8443600003137,-24.5887900003582],[-65.8451800003567,-24.5879999999],[-65.8459499998925,-24.5855900002783],[-65.8475800004167,-24.5837099999165],[-65.8476300000244,-24.5819699997157],[-65.8486700003202,-24.580179999907],[-65.8501399997612,-24.5789800003267],[-65.8506200003127,-24.5781600002837],[-65.8507599995743,-24.5769799998271],[-65.8502700003602,-24.5750600003187],[-65.8505299997597,-24.5732299995648],[-65.8501599997841,-24.5717200000779],[-65.8507799995973,-24.5702899997836],[-65.851119999988,-24.5672299998645],[-65.8520299996847,-24.5649099998965],[-65.8538499999775,-24.5630699995808],[-65.8546799995823,-24.5610000003497],[-65.8578500000774,-24.5587799995973],[-65.8617799996472,-24.5554299997946],[-65.8646699998206,-24.5516400003856],[-65.8654099997717,-24.5512700004102],[-65.8700600001688,-24.5505400000209],[-65.8736399997861,-24.5451600001339],[-65.8759399997311,-24.5429000002348],[-65.8773400004407,-24.5394199998331],[-65.8772499998876,-24.5384599996293],[-65.8759999998001,-24.5357800001469],[-65.8766900001434,-24.5319200002078],[-65.8760500003072,-24.5297200003777],[-65.8761100003762,-24.5277900004082],[-65.8752100002413,-24.5259700001154],[-65.8739699997157,-24.521539999971],[-65.8730499995578,-24.5168100003812],[-65.8749099998965,-24.5091800001568],[-65.8765099999365,-24.500359999914],[-65.8771499997727,-24.4991000002648],[-65.8761899995688,-24.4973899996487],[-65.8761899995688,-24.4966200001129],[-65.8807300002892,-24.4933300003792],[-65.8835400003707,-24.4917900004082],[-65.8857499997627,-24.4913299998796],[-65.8887099995668,-24.4916500002473],[-65.8891900001184,-24.4914700000404],[-65.8897299998396,-24.4898999995852],[-65.889439999956,-24.4876500001474],[-65.8904099997217,-24.4864299996447],[-65.8916100002013,-24.4865299997596],[-65.892499999875,-24.4859299999695],[-65.8954799997022,-24.4864000000599],[-65.8977300000394,-24.485519999948],[-65.8979700003152,-24.4859299999695],[-65.8977100000164,-24.4863699995758],[-65.8959000001848,-24.4873499998026],[-65.8922700000604,-24.487819999893],[-65.8920200002228,-24.4882400003757],[-65.8923999997601,-24.4887000000049],[-65.8931500001723,-24.4887899996587],[-65.8958499996777,-24.4879800000769],[-65.8974899997636,-24.4881600002838],[-65.8994199997331,-24.4856299996247],[-65.8997400001009,-24.4847700004351],[-65.9014699998406,-24.4833200001179],[-65.9031400004106,-24.4828500000274],[-65.9042500003372,-24.4830300002343],[-65.9057799998471,-24.482440000006],[-65.9064900002133,-24.4817299996398],[-65.9077099998166,-24.4812999995953],[-65.9081700003452,-24.4804799995523],[-65.9091800001568,-24.4796699999705],[-65.9100800002917,-24.4795299998096],[-65.9114600000789,-24.4787600002737],[-65.9125499999824,-24.4765099999365],[-65.9135900002782,-24.4760700003302],[-65.9138000000699,-24.4748699998506],[-65.9154299996947,-24.4746699996208],[-65.9163000002448,-24.4752100002413],[-65.9174500002173,-24.4754099995718],[-65.9198599998391,-24.4750199995733],[-65.9230700003802,-24.4732800002718],[-65.9250200003727,-24.4712999997951],[-65.9275799997172,-24.4708000001199],[-65.9290399995963,-24.4684899997137],[-65.9328299999045,-24.4657700001853],[-65.9351800003567,-24.4620799999919],[-65.9372499995878,-24.4614899997636],[-65.9378500002773,-24.4610399996962],[-65.9390099998116,-24.4576000002398],[-65.9401799998071,-24.45579999997],[-65.9421099997766,-24.4540700002303],[-65.9458699996007,-24.4525199997981],[-65.950459999929,-24.4513400002408],[-65.9516699999705,-24.4506400003357],[-65.9527700003352,-24.4491699999954],[-65.9548599995892,-24.4486500002972],[-65.9587999996202,-24.4458699998006],[-65.9605399998211,-24.4451699998955],[-65.9611999996802,-24.4444000003597],[-65.9617099998166,-24.4425699996058],[-65.9647800001968,-24.4421299999995],[-65.9660300002843,-24.4415300002093],[-65.9679499997926,-24.4414199996332],[-65.9707599998741,-24.4399500001923],[-65.9731300003492,-24.4380800002917],[-65.9756499996477,-24.4335099999865],[-65.9797000002548,-24.4304599996293],[-65.9805800003667,-24.4278499997776],[-65.9822300000145,-24.4254000001098],[-65.9836000002398,-24.4241299999995],[-65.9861399995613,-24.4225799995673],[-65.9887700003352,-24.4199800001768],[-65.9901199996382,-24.4146699999205],[-65.9919700004152,-24.4126599998591],[-65.9917199996782,-24.4106400002358],[-65.9925199996982,-24.4086900002433],[-65.9938699999005,-24.4000599997692],[-65.9948599996892,-24.3965800002667],[-65.9968899997737,-24.3863899997986],[-65.9977400003007,-24.3845300003592],[-65.9991099996267,-24.3834200004326],[-66.0019399997312,-24.3831600001338],[-66.002899999935,-24.3824600002288],[-66.0034199996333,-24.3811799996572],[-66.003719999978,-24.378279999922],[-66.0083300003292,-24.3714499997176],[-66.0118699999005,-24.3679300001693],[-66.0137599998241,-24.3641100002762],[-66.0153100002562,-24.3624100001214],[-66.0177900004081,-24.3608300001044],[-66.0250800002418,-24.3512699999105],[-66.026359999914,-24.3504000002598],[-66.0286799998821,-24.3479400001309],[-66.0318300003542,-24.3458900000234],[-66.0362300000144,-24.344639999936],[-66.0410700001803,-24.3400699996307],[-66.0508600001888,-24.3341000004147],[-66.0501499998226,-24.3340299998845],[-66.0503700000754,-24.3335100001863],[-66.0533600003637,-24.3325000003747],[-66.0531800001568,-24.3319500001923],[-66.0547099996667,-24.3312500002872],[-66.0554099995718,-24.3293800003867],[-66.0554499996177,-24.3257599998241],[-66.0559199997082,-24.3249999998501],[-66.0560199998231,-24.3239000003846],[-66.0555499997326,-24.3224999996752],[-66.0563400001908,-24.3193100000564],[-66.0583300002293,-24.317259999949],[-66.0591799998571,-24.3136200002628],[-66.0605399996213,-24.3127200001279],[-66.0645799997671,-24.3114000004097],[-66.0667299999895,-24.3117500003622],[-66.0684700001903,-24.3116599998091],[-66.0691500000724,-24.3111499996727],[-66.0705800003667,-24.311739999901],[-66.0717300003392,-24.3116399997861],[-66.0731599997342,-24.3110699995808],[-66.0735299997097,-24.3102100003912],[-66.0773400000409,-24.3088299997047],[-66.0785100000364,-24.3067900000584],[-66.0808700000504,-24.3050600003187],[-66.082679999882,-24.304779999997],[-66.0846200003127,-24.3051799995573],[-66.0862400003757,-24.3048400000659],[-66.0868499997277,-24.3044999996752],[-66.0867200000279,-24.3038999998851],[-66.0870800004416,-24.3036199995633],[-66.0911100001264,-24.3039700004151],[-66.0951399998111,-24.3054900003632],[-66.0997700001853,-24.3058499998775],[-66.0998100002313,-24.3060500001073],[-66.0986000001898,-24.3063499995528],[-66.100739999951,-24.3062700003602],[-66.1028399996662,-24.305439999856],[-66.10379999987,-24.3044500000674],[-66.1067900001584,-24.3037799997471],[-66.1092900003332,-24.3004999995753],[-66.1094899996637,-24.3004000003597],[-66.1094699996407,-24.3009000000349],[-66.1089899999885,-24.3018400002158],[-66.1109899995888,-24.3003200002677],[-66.1118800001618,-24.2993099995568],[-66.1120299998846,-24.2982900001833],[-66.1129599996042,-24.2979299997696],[-66.1134400001558,-24.2968300003042],[-66.1136600004086,-24.2967999998201],[-66.1137999996702,-24.2988899999735],[-66.114859999989,-24.2995699998556],[-66.1141299995998,-24.2987600002738],[-66.1144600004287,-24.2972400003257],[-66.1173600001638,-24.2967999998201],[-66.1185199996982,-24.2962899996837],[-66.1183899999984,-24.2956099998016],[-66.1188800001119,-24.2957099999165],[-66.1187700004351,-24.2963499997526],[-66.1194100002713,-24.2956400002858],[-66.1191400004107,-24.2951300001494],[-66.1198699999005,-24.2958599996392],[-66.1191900000184,-24.2966100000514],[-66.1207700000354,-24.2957000003547],[-66.1207799995973,-24.296139999961],[-66.1200599996692,-24.2963499997526],[-66.1196499996477,-24.296899999935],[-66.1204499996677,-24.2963499997526],[-66.121099999965,-24.2965499999825],[-66.1212600001488,-24.2958500000774],[-66.1214200003327,-24.2960700003302],[-66.1214000003097,-24.2967300001893],[-66.1204299996447,-24.2967300001893],[-66.1200500001074,-24.2973200004176],[-66.1205800002668,-24.2968500003272],[-66.1217100002163,-24.2971099997267],[-66.1219699996158,-24.2967900002583],[-66.1217599998241,-24.2955600001938],[-66.1230699999805,-24.2943799997372],[-66.1231399996112,-24.29379999997],[-66.1236800002318,-24.2941800004066],[-66.1244899998136,-24.2939099996467],[-66.1238000003697,-24.2946899996437],[-66.1242800000219,-24.2942500000374],[-66.1243200000679,-24.2947699997357],[-66.1261800004066,-24.2946600000589],[-66.1288300003042,-24.2937300003392],[-66.1340400004456,-24.2943500001523],[-66.1388999997351,-24.2938600000389],[-66.1457999995703,-24.2940400002458],[-66.1546700003202,-24.2896700001703],[-66.1675499998326,-24.2848399995663],[-66.1687900003582,-24.2841100000764],[-66.169559999894,-24.2830099997117],[-66.171139999911,-24.2819700003152],[-66.1753200002178,-24.2815800003167],[-66.1778900000235,-24.2808800004116],[-66.1804100002213,-24.2793599995643],[-66.1814099995718,-24.2766400000359],[-66.1838200000929,-24.2748999998351],[-66.1848699999505,-24.2745800003667],[-66.1869000000349,-24.2749500003422],[-66.1880900000534,-24.2746999996053],[-66.1944500001673,-24.2714899999635],[-66.2030199996732,-24.2658299997547],[-66.2080400000459,-24.2645199995982],[-66.2146999996053,-24.2634200001329],[-66.2222600001988,-24.2604899999135],[-66.2351399997112,-24.2453200000179],[-66.2405399996213,-24.2382599999989],[-66.2410400001958,-24.2373199998181],[-66.2412900000334,-24.2354400003557],[-66.2418699998006,-24.2345000001748],[-66.2445799997672,-24.2324199995833],[-66.2461900002683,-24.2307000003048],[-66.2519600001539,-24.2277100000164],[-66.2547900002583,-24.2252899999335],[-66.2575899998786,-24.224079999892],[-66.2615800004166,-24.2215399996712],[-66.2636400000859,-24.2210499995578],[-66.2675499996328,-24.2207799996972],[-66.3008599996892,-24.2080699999305],[-66.3023300000294,-24.2070200000729],[-66.3041100002762,-24.2046099995518],[-66.3049900003882,-24.2042099999915],[-66.3059800001768,-24.2042599995992],[-66.3070799996422,-24.2050799996422],[-66.3076000002398,-24.2066100000514],[-66.3088900003732,-24.2083199997682],[-66.3097800000469,-24.2109499996427],[-66.3118799997621,-24.2135099998865],[-66.312297507324,-24.2142285716912]]},"properties":{"OBJECTID":3,"descript":"CBV","IDUSCO":8001072618,"LEN":9749,"NAM":"RN 51","ACC_LBL":"Exacta","HCT_LBL":"Ruta primaria","RST_LBL":"Consolidada","TUC_LBL":"Informaci\u00f3n no disponible","TYP_LBL":"Carretera","WTC_LBL":"Informaci\u00f3n no disponible","ZPP_LBL":"ARG","OBS":"Oficial - Validada","Secundaria":"0","Intervencion":0,"Carriles":2,"Shape__Length":140243.55825456753}},{"type":"Feature","id":4,"geometry":{"type":"LineString","coordinates":[[-65.6365678149527,-24.9073755843157],[-65.6370310458461,-24.9073683079011]]},"properties":{"OBJECTID":4,"descript":"CBV","IDUSCO":null,"LEN":null,"NAM":null,"ACC_LBL":null,"HCT_LBL":"Ruta primaria","RST_LBL":null,"TUC_LBL":null,"TYP_LBL":null,"WTC_LBL":null,"ZPP_LBL":null,"OBS":null,"Secundaria":"0","Intervencion":0,"Carriles":2,"Shape__Length":51.574360049334885}},{"type":"Feature","id":5,"geometry":{"type":"LineString","coordinates":[[-65.5995987666697,-24.8928546449259],[-65.5996061087349,-24.892858434669]]},"properties":{"OBJECTID":5,"descript":"CBV","IDUSCO":null,"LEN":null,"NAM":null,"ACC_LBL":null,"HCT_LBL":"Ruta primaria","RST_LBL":null,"TUC_LBL":null,"TYP_LBL":null,"WTC_LBL":null,"ZPP_LBL":null,"OBS":null,"Secundaria":"0","Intervencion":0,"Carriles":2,"Shape__Length":0.9403738490578356}},{"type":"Feature","id":6,"geometry":null,"properties":{"OBJECTID":6,"descript":"CBV","IDUSCO":null,"LEN":null,"NAM":null,"ACC_LBL":null,"HCT_LBL":"Ruta primaria","RST_LBL":null,"TUC_LBL":null,"TYP_LBL":null,"WTC_LBL":null,"ZPP_LBL":null,"OBS":null,"Secundaria":"0","Intervencion":0,"Carriles":2,"Shape__Length":null}},{"type":"Feature","id":7,"geometry":{"type":"LineString","coordinates":[[-65.4804215273316,-24.8391226186139],[-65.4815373260867,-24.8393173452193],[-65.4841551617313,-24.8399794117204],[-65.4843549479224,-24.8400353459544],[-65.4876849512994,-24.8407485730882],[-65.4925987579263,-24.8421505765878],[-65.4956806572365,-24.8432061468462],[-65.5043253751159,-24.8456263097064],[-65.506391579208,-24.846069574751],[-65.5112023738904,-24.8474042460091],[-65.512460003826,-24.847623338846],[-65.5166849954161,-24.8485080756871],[-65.5197319848432,-24.8490143247512],[-65.5203328003184,-24.8490532680938],[-65.5219635832527,-24.8510393021221],[-65.5240235217681,-24.8530253037747],[-65.5268559338542,-24.8553227964099],[-65.5308041455948,-24.8594893248724],[-65.5317053670091,-24.8605796071631],[-65.5325636736746,-24.8633831492129],[-65.5329069970603,-24.8640840250577],[-65.5335936429323,-24.8646291482166],[-65.5350527641737,-24.865018519589],[-65.541103828279,-24.8668874879672],[-65.550201880912,-24.8697687584214],[-65.5578408123036,-24.8714429768119],[-65.5633339756824,-24.8727667635752],[-65.5648789282199,-24.8738179964034],[-65.5721316205778,-24.8792686857012],[-65.5728182655505,-24.8796190786575],[-65.5737624044114,-24.8798916074117],[-65.5789551600525,-24.8805145237262],[-65.580113875355,-24.8806702530297],[-65.5808863507245,-24.8810595749394],[-65.5819163190828,-24.8819160766656]]},"properties":{"OBJECTID":7,"descript":"CBV","IDUSCO":8001071121,"LEN":859,"NAM":"RN  51","ACC_LBL":"Exacta","HCT_LBL":"Ruta primaria","RST_LBL":"Pavimentado","TUC_LBL":"Informaci\u00f3n no disponible","TYP_LBL":"Carretera","WTC_LBL":"Informaci\u00f3n no disponible","ZPP_LBL":"ARG","OBS":"Oficial - Validada","Secundaria":"0","Intervencion":0,"Carriles":2,"Shape__Length":12959.055139977421}},{"type":"Feature","id":8,"geometry":{"type":"LineString","coordinates":[[-65.6364992758209,-24.9073797211971],[-65.635286917757,-24.9074283763185],[-65.6345348947696,-24.9071518833527],[-65.6325248947081,-24.9062018827107],[-65.6269720676068,-24.906036845424],[-65.6193545931399,-24.9039251877971],[-65.6189361682695,-24.903526208068],[-65.6186786761799,-24.9030493767273],[-65.6188610658854,-24.9006749219101],[-65.6185177442984,-24.9002759313891],[-65.6169406023269,-24.8994779431525],[-65.6105784033706,-24.8978722261223],[-65.604623898574,-24.8956047213807],[-65.6045811349114,-24.895618749006],[-65.6004718366059,-24.8932301217727],[-65.5970171521199,-24.8921109298755],[-65.5964496007684,-24.8913294316079],[-65.5963466032131,-24.8911425713725],[-65.5957350624232,-24.8902861325989],[-65.5932030571753,-24.8880282200263],[-65.5920872584202,-24.8869381787539],[-65.5899414904074,-24.8843298273596],[-65.5892548454347,-24.8839794469939],[-65.5837616811566,-24.8826168490883],[-65.5819163190828,-24.8819160766656]]},"properties":{"OBJECTID":8,"descript":"CBV","IDUSCO":8001067619,"LEN":2936,"NAM":"RP  24","ACC_LBL":"Exacta","HCT_LBL":"Ruta primaria","RST_LBL":"Consolidada","TUC_LBL":"Informaci\u00f3n no disponible","TYP_LBL":"Carretera","WTC_LBL":"Informaci\u00f3n no disponible","ZPP_LBL":"ARG","OBS":"Oficial - Validada","Secundaria":"0","Intervencion":0,"Carriles":2,"Shape__Length":7268.912873686166}},{"type":"Feature","id":9,"geometry":{"type":"LineString","coordinates":[[-65.5999314357871,-24.8930426760786],[-65.5999272980064,-24.8930412884247]]},"properties":{"OBJECTID":9,"descript":"CBV","IDUSCO":null,"LEN":null,"NAM":null,"ACC_LBL":null,"HCT_LBL":"Ruta primaria","RST_LBL":null,"TUC_LBL":null,"TYP_LBL":null,"WTC_LBL":null,"ZPP_LBL":null,"OBS":null,"Secundaria":"0","Intervencion":0,"Carriles":2,"Shape__Length":0.4910874068940592}},{"type":"Feature","id":10,"geometry":null,"properties":{"OBJECTID":10,"descript":"CBV","IDUSCO":null,"LEN":null,"NAM":null,"ACC_LBL":null,"HCT_LBL":"Ruta primaria","RST_LBL":null,"TUC_LBL":null,"TYP_LBL":null,"WTC_LBL":null,"ZPP_LBL":null,"OBS":null,"Secundaria":"0","Intervencion":0,"Carriles":2,"Shape__Length":null}},{"type":"Feature","id":11,"geometry":{"type":"LineString","coordinates":[[-65.427539613962,-24.8281297456912],[-65.4305753861451,-24.8297461997273]]},"properties":{"OBJECTID":11,"descript":"CBV","IDUSCO":null,"LEN":null,"NAM":null,"ACC_LBL":null,"HCT_LBL":"Ruta primaria","RST_LBL":null,"TUC_LBL":null,"TYP_LBL":null,"WTC_LBL":null,"ZPP_LBL":null,"OBS":null,"Secundaria":"0","Intervencion":0,"Carriles":4,"Shape__Length":391.8096159545058}},{"type":"Feature","id":12,"geometry":{"type":"LineString","coordinates":[[-65.0285673905726,-24.735569987365],[-65.02859999999,-24.7363200003677],[-65.0292100002413,-24.7377699997856],[-65.0308199998431,-24.7387399995513],[-65.0321399995613,-24.7389500002423],[-65.1058399997162,-24.7452500002872],[-65.1174200004326,-24.7480800003917],[-65.1197299999395,-24.7491399998111],[-65.1219099997467,-24.7509699996657],[-65.1254999998251,-24.7553100001563],[-65.1362000004297,-24.7700400004457],[-65.1543799997372,-24.7834799997022],[-65.1581399995613,-24.7858599997392],[-65.1607599998741,-24.7869099995968],[-65.1685100002363,-24.7891900004182],[-65.1816300000244,-24.7957499998625],[-65.1851300004491,-24.797019999973],[-65.1961299995997,-24.7987099996667],[-65.2130300001344,-24.7994299995947],[-65.229639999886,-24.8035099997866],[-65.2380999997152,-24.8039399998311],[-65.2506300001743,-24.8050699997806],[-65.2598700000004,-24.8062599997991],[-65.2624700002903,-24.8059800003767],[-65.2642600000989,-24.8050499997576],[-65.2671399998111,-24.8026600001588],[-65.2742199998531,-24.800960000004],[-65.2772999997951,-24.7994899996637],[-65.2801000003147,-24.7975300001094],[-65.2833799995873,-24.7957600003237],[-65.2948800002118,-24.7923100004061],[-65.2971000000649,-24.7900699996308],[-65.2990399995963,-24.7840699999305],[-65.3003400001908,-24.7826399996362],[-65.301679999932,-24.7818399996163],[-65.3113499998026,-24.7786200004126],[-65.3252699996107,-24.7767200000279],[-65.3274700003402,-24.7769099997966],[-65.3417600001239,-24.7859399998311],[-65.3444199995833,-24.7866599997591],[-65.3492500001873,-24.7871099998266],[-65.3528000002198,-24.7881199996383],[-65.3558099996317,-24.788440000006],[-65.3620299995848,-24.7913300001793],[-65.3649300002193,-24.7932800001718],[-65.3683910537041,-24.7961877520631],[-65.3683910537041,-24.7961877520631],[-65.3690562426514,-24.7965578608565],[-65.3754077135951,-24.797862968701],[-65.3801713172525,-24.7993628526135],[-65.3815660632232,-24.7998303471927],[-65.3815787976234,-24.799829479347]]},"properties":{"OBJECTID":12,"descript":"CBV","IDUSCO":8001069449,"LEN":2234,"NAM":"RP  108","ACC_LBL":"Exacta","HCT_LBL":"Ruta primaria","RST_LBL":"Consolidada","TUC_LBL":"Informaci\u00f3n no disponible","TYP_LBL":"Carretera","WTC_LBL":"Informaci\u00f3n no disponible","ZPP_LBL":"ARG","OBS":"Oficial - Validada","Secundaria":"0","Intervencion":0,"Carriles":4,"Shape__Length":44136.43464093764}},{"type":"Feature","id":13,"geometry":{"type":"LineString","coordinates":[[-65.0286352381257,-24.7324382584188],[-65.028519999898,-24.7344800000519],[-65.0285673905726,-24.735569987365]]},"properties":{"OBJECTID":13,"descript":"CBV","IDUSCO":null,"LEN":null,"NAM":null,"ACC_LBL":null,"HCT_LBL":"Ruta primaria","RST_LBL":null,"TUC_LBL":null,"TYP_LBL":null,"WTC_LBL":null,"ZPP_LBL":null,"OBS":null,"Secundaria":"0","Intervencion":0,"Carriles":2,"Shape__Length":384.2682528499646}},{"type":"Feature","id":14,"geometry":null,"properties":{"OBJECTID":14,"descript":"CBV","IDUSCO":null,"LEN":null,"NAM":null,"ACC_LBL":null,"HCT_LBL":"Ruta primaria","RST_LBL":null,"TUC_LBL":null,"TYP_LBL":null,"WTC_LBL":null,"ZPP_LBL":null,"OBS":null,"Secundaria":"0","Intervencion":0,"Carriles":2,"Shape__Length":null}},{"type":"Feature","id":15,"geometry":{"type":"LineString","coordinates":[[-64.9730334484349,-24.3692983105685],[-64.9772000002798,-24.376699999905],[-65.0083600001139,-24.4321199997382],[-65.0103399996912,-24.4340499997077],[-65.0103399996912,-24.4340499997077],[-65.0104127107779,-24.435648987111],[-65.0139961431075,-24.4421346503938],[-65.0190816132258,-24.451188626354],[-65.0215707028256,-24.4546264260687],[-65.0226865015807,-24.4552514710785],[-65.0365052431224,-24.4752512593381],[-65.0575337640719,-24.5084079663545],[-65.0647435416811,-24.5199658473459],[-65.0683484309353,-24.5232455921104],[-65.0748715626725,-24.5260567343308],[-65.0788197753124,-24.5337089693934],[-65.0807080503362,-24.538393779849],[-65.0790772683013,-24.54717732967],[-65.0790772683013,-24.5684503735858]]},"properties":{"OBJECTID":15,"descript":"CBV","IDUSCO":8001069162,"LEN":3438,"NAM":"RP  1","ACC_LBL":"Exacta","HCT_LBL":"Ruta primaria","RST_LBL":"Consolidada","TUC_LBL":"Informaci\u00f3n no disponible","TYP_LBL":"Carretera","WTC_LBL":"Informaci\u00f3n no disponible","ZPP_LBL":"ARG","OBS":"Oficial - Validada","Secundaria":"0","Intervencion":0,"Carriles":4,"Shape__Length":27834.873606119338}},{"type":"Feature","id":16,"geometry":{"type":"LineString","coordinates":[[-66.3556533186457,-23.4169586263395],[-66.3571199995883,-23.4162500001373],[-66.3581300002992,-23.4151200001878],[-66.359739999901,-23.4116199997632],[-66.3586599995593,-23.4070199998731],[-66.3588300002043,-23.4059200004077],[-66.3563399995913,-23.4053300001793],[-66.3557399998011,-23.404739999951],[-66.3557199997781,-23.4038300002543],[-66.3551600000339,-23.4040800000919],[-66.3553099997566,-23.4054700003402],[-66.3538800003617,-23.4044700000904],[-66.3552400001259,-23.4024300004441],[-66.3579700001154,-23.4014100001713],[-66.3646200001129,-23.4027800003967],[-66.3673999997102,-23.4018499997776],[-66.3688599995893,-23.4019000002847],[-66.3700600000689,-23.4025299996597],[-66.3725200001978,-23.4051000003647],[-66.3737100002163,-23.4068100000814],[-66.3741299997996,-23.4089200002578],[-66.3738300003542,-23.4105600003437],[-66.3727999996203,-23.4127000001049],[-66.3727000004047,-23.4139900002383],[-66.3735000004247,-23.4179100002463],[-66.374700000005,-23.4193199996183],[-66.3756400001858,-23.4196699995708],[-66.3812099998416,-23.4203199998681],[-66.3864499995678,-23.423519999948],[-66.3880499996077,-23.4241199997381],[-66.3897800002468,-23.424360000014],[-66.395739999901,-23.4241700002453],[-66.4043700003752,-23.4263500000524],[-66.4095000004247,-23.4254499999175],[-66.4171000001649,-23.4252499996877],[-66.4229500001424,-23.4255099999864],[-66.4255100003862,-23.4244200000829],[-66.4400799995923,-23.4225100001364],[-66.4464399997062,-23.4213800001868],[-66.4482899995838,-23.4216199995633],[-66.4526799996822,-23.4231600004337],[-66.4602600002987,-23.4229400001808],[-66.4722999997451,-23.4249599998041],[-66.4872500002872,-23.424299999945],[-66.4899600002537,-23.4232300000644],[-66.492039999946,-23.4202900002832],[-66.4928100003812,-23.4196899995937],[-66.4941599996842,-23.4190299997347],[-66.4956700000704,-23.4189099995967],[-66.4987599995743,-23.4179599998541],[-66.5000400001459,-23.4171900003182],[-66.5025299998596,-23.4145200003977],[-66.506159999984,-23.4089200002578],[-66.5072499998876,-23.4081299997996],[-66.5096800004316,-23.407099999965],[-66.511680000032,-23.4044599996292],[-66.5130300002343,-23.4032699996108],[-66.5167599995743,-23.4017699996857],[-66.5189699998656,-23.4013900001484],[-66.521759999924,-23.401539999871],[-66.5242600000989,-23.402379999937],[-66.5283200002677,-23.4050400002957],[-66.5410199995733,-23.41959999994],[-66.5493499997027,-23.4247999996202],[-66.5617300004391,-23.428979999927],[-66.5704600001289,-23.4311999997801],[-66.5792699999105,-23.432879999912],[-66.5814099996717,-23.4339099997466],[-66.6307000001049,-23.4748000004196],[-66.6357700000854,-23.4835799997172],[-66.6401899997686,-23.4992500001873],[-66.6403400003907,-23.517459999979],[-66.6407899995588,-23.5201000003147],[-66.6572800000719,-23.5491799995573],[-66.6658600000389,-23.5791100002263],[-66.6669000003347,-23.5810200001728],[-66.668939999981,-23.5828300000044],[-66.6873400004407,-23.5895200000479],[-66.7023599997142,-23.5954700001403],[-66.7046199996133,-23.5975699998556],[-66.7098699998006,-23.6064500001673],[-66.7112899996337,-23.6080100001614],[-66.7132900001334,-23.6092299997646],[-66.7216099998016,-23.6122200000529],[-66.723639999886,-23.6125299999595],[-66.7262600001988,-23.6123600002138],[-66.7688999997351,-23.602699999905],[-66.771439999956,-23.6025999997901],[-66.7748400002658,-23.6034500003172],[-66.8271800001568,-23.6292199998031],[-66.8291500001723,-23.6296099998016],[-66.8310000000499,-23.6295400001708],[-66.8499499997926,-23.6258400004156],[-66.8526900002433,-23.6245199997981],[-66.8551700003952,-23.6216699996707],[-66.8573999998101,-23.6169099995968],[-66.8605799998671,-23.6137300004392],[-66.8675599997941,-23.6022400002757],[-66.8733200001179,-23.5968000003197],[-66.8752199996032,-23.5955199997481],[-66.8768799997122,-23.5949300004191],[-66.8916000004396,-23.592579999967],[-66.8942900003832,-23.5915700001554],[-66.8961099997766,-23.5900799997921],[-66.9109699997657,-23.5749499999425],[-66.9121999998301,-23.5729500003422],[-66.9309799998271,-23.530020000023],[-66.9330999995653,-23.5205300003592],[-66.9491699995958,-23.4724999995753],[-66.9539699997157,-23.4225999997901],[-66.9535700001554,-23.4161900000684],[-66.9518700000004,-23.4095200000479],[-66.9517800003467,-23.4077199997781],[-66.9559599997542,-23.3916400001858],[-66.9834100002712,-23.3334900003632],[-67.0034899999635,-23.3088800004117],[-67.0093700004251,-23.2967300003892],[-67.0098799996622,-23.2948700000504],[-67.0098399996162,-23.2929699996657],[-67.0084300002443,-23.2867899997586],[-67.0052399997261,-23.2804200000829],[-67.0041200002378,-23.2702600000989],[-67.0058499999775,-23.2574999998251],[-67.0105799995673,-23.2488300002043],[-67.0112800003717,-23.2427500004122],[-67.0121599995843,-23.2417799997472],[-67.0195300004091,-23.2370199996732],[-67.0208599996892,-23.2368200003427],[-67.0254500000174,-23.2371300002493],[-67.0270100000114,-23.2366200001129],[-67.0289500004421,-23.2338500000774],[-67.0322400001758,-23.231840000016],[-67.0355899999785,-23.2278100003312],[-67.0366100002512,-23.2272000000799],[-67.037459999879,-23.2271600000339],[-67.0402899999835,-23.2279600000539],[-67.0447000001049,-23.2275300000094],[-67.0466399996362,-23.227920000008],[-67.0478400001159,-23.227839999916],[-67.0505100000364,-23.2273000001948],[-67.0525099996368,-23.2251600004336],[-67.0538399998161,-23.2248299996048],[-67.0558200002927,-23.2256600001089],[-67.0582600003987,-23.2256299996247],[-67.0619899997387,-23.2268199996432],[-67.0633900004481,-23.2263100004062]]},"properties":{"OBJECTID":16,"descript":"CBV","IDUSCO":8001072631,"LEN":16690,"NAM":"RN 52","ACC_LBL":"Exacta","HCT_LBL":"Ruta primaria","RST_LBL":"Pavimentado","TUC_LBL":"Informaci\u00f3n no disponible","TYP_LBL":"Carretera","WTC_LBL":"Informaci\u00f3n no disponible","ZPP_LBL":"ARG","OBS":"Oficial - Validada","Secundaria":"0","Intervencion":0,"Carriles":2,"Shape__Length":135751.85657031072}},{"type":"Feature","id":17,"geometry":{"type":"LineString","coordinates":[[-65.4691264741074,-23.7444085444187],[-65.469139999911,-23.7443100003062],[-65.472279999922,-23.7441700001454],[-65.4737700002852,-23.7434900002632],[-65.4763299996297,-23.7435599998941],[-65.4774999996253,-23.7443100003062],[-65.477860000039,-23.7457599997242],[-65.4795200001478,-23.7464700000904],[-65.4873800001868,-23.7459900004381],[-65.4904899997137,-23.7470899999035],[-65.4960800002917,-23.7473300001793],[-65.4987900002583,-23.7448399995663],[-65.5022600001988,-23.7423600003137],[-65.5045400001209,-23.7393900000484],[-65.5052299995648,-23.7390699996807],[-65.5069000001349,-23.7390200000729],[-65.5075699995558,-23.7385999995903],[-65.5118400004156,-23.7320699997306],[-65.5128500002273,-23.7316500001473],[-65.5146099995518,-23.7315599995942],[-65.5190700001803,-23.7297099997167],[-65.5205599996442,-23.7297899998086],[-65.5220299999845,-23.7279500003922],[-65.5228599995893,-23.7245900001283],[-65.5249299997197,-23.7229599996042],[-65.5273400002408,-23.7203800002368],[-65.5278300003542,-23.7183900001983],[-65.5276300001244,-23.7158099999315],[-65.5318899996237,-23.7101600001838],[-65.5320299997846,-23.7088399995663],[-65.5316900002932,-23.7081100000764],[-65.5326499995978,-23.7064900000134],[-65.5331900002183,-23.7060100003612],[-65.5365699996058,-23.7055499998325],[-65.5370599997192,-23.7027700002353],[-65.5393300000794,-23.7006800000819],[-65.5407299998895,-23.6997500003622],[-65.5418100002313,-23.6994700000404],[-65.5422299998146,-23.6996700002703],[-65.542659999859,-23.7008000002198],[-65.5438499998776,-23.7009699999655],[-65.5453800002867,-23.6999200001078],[-65.5486799995822,-23.6992099997416],[-65.551299999895,-23.6992200002028],[-65.5526399996363,-23.6983299996297],[-65.5558300001543,-23.6984400002058],[-65.5586699998206,-23.6965199997981],[-65.5633499998026,-23.6950300003342],[-65.5646900004431,-23.6905699997057],[-65.5657699998856,-23.6897800001469],[-65.5660700002303,-23.6886599997591],[-65.5674399995563,-23.6875899998785],[-65.5677399999011,-23.684839999866],[-65.570099999915,-23.6824500002672],[-65.5710000000499,-23.6770500003572],[-65.5717600000239,-23.6758299998546],[-65.5720499999075,-23.6743400003907],[-65.573259999949,-23.6734699998406],[-65.5736200003627,-23.6712099999415],[-65.5740300003842,-23.6712200004026],[-65.5739399998311,-23.6722900002832],[-65.5743499998526,-23.672359999914],[-65.5742000001298,-23.6706700002203],[-65.5754700002403,-23.6691199997881],[-65.5770500002573,-23.6679499997926],[-65.5792700001104,-23.6670099996118],[-65.5817500002623,-23.6650999996652],[-65.5829699998656,-23.6649499999425],[-65.5848799998121,-23.6666300000744],[-65.5868800003117,-23.6657600004236],[-65.5869099998965,-23.6661899995688],[-65.5861499999225,-23.6672499998875],[-65.5854000004097,-23.6673000003947],[-65.5853099998566,-23.667679999932],[-65.5872599998491,-23.6675500002323],[-65.587379999987,-23.6669600000039],[-65.588079999892,-23.6666700001204],[-65.5879500001923,-23.6662299996148],[-65.5886999997052,-23.6649499999425],[-65.5933799996872,-23.6672800003717],[-65.5932600004486,-23.6678499996777],[-65.5914099996717,-23.6667599997741],[-65.589699999955,-23.6665000003747],[-65.5899000001848,-23.6670699996807],[-65.5906600001588,-23.6671499997726],[-65.5910700001803,-23.6677600000239],[-65.5917399996013,-23.6678600001388],[-65.5917700000854,-23.6682300001144],[-65.5914000001099,-23.6688400003657],[-65.5898800001618,-23.6693699996258],[-65.588939999981,-23.6700899995538],[-65.5891499997726,-23.6702400001758],[-65.5902700001603,-23.6696699999705],[-65.5934700002403,-23.670039999946],[-65.5906899997436,-23.6703800003367],[-65.5908299999045,-23.6709299996197],[-65.5934100001713,-23.6707900003582],[-65.5930400001958,-23.671619999963],[-65.5945600001439,-23.6718400002158],[-65.5967100003662,-23.6712499999875],[-65.5991100004262,-23.6713599996642],[-65.6002699999605,-23.6717699996857],[-65.6017699998856,-23.6730500002572],[-65.6039800001768,-23.6741699997456],[-65.6043199996682,-23.673959999954],[-65.6038800000619,-23.6719400003307],[-65.6042999996452,-23.6713799996872],[-65.6050900001034,-23.6712000003797],[-65.6059999998001,-23.6717099996167],[-65.6070600001188,-23.6732600000489],[-65.6091700002953,-23.673919999908],[-65.6111299998496,-23.6736500000474],[-65.6111200002878,-23.674020000023],[-65.6096499999475,-23.6743699999755],[-65.6097199995783,-23.6746900003432],[-65.6118099997317,-23.6743899999985],[-65.6116899995938,-23.674739999951],[-65.6096600004087,-23.6751499999725],[-65.6096600004087,-23.675519999948],[-65.6115300003092,-23.6750299998346],[-65.6138799998621,-23.6757000001549],[-65.6135600003936,-23.6759299999695],[-65.6111200002878,-23.6758400003157],[-65.6089099999965,-23.6768700001504],[-65.6087400002507,-23.6772200001029],[-65.6089700000654,-23.6773200002178],[-65.6115300003092,-23.6765800002668],[-65.6149899997886,-23.6773600002638],[-65.6158699999006,-23.6779200000079],[-65.6222000004296,-23.6789099997966],[-65.6220800002918,-23.679379999887],[-65.6204400002058,-23.6790900000034],[-65.6179899996387,-23.6791799996572],[-65.6177300002393,-23.6794899995638],[-65.6204699997906,-23.6797899999085],[-65.6230100000114,-23.6813099998566],[-65.6256100003012,-23.681819999993],[-65.6265100004362,-23.6823100001064],[-65.6269700000654,-23.6818699996007],[-65.6266600001588,-23.6803400000909],[-65.6269199995583,-23.6800700002303],[-65.6275099997866,-23.6830999996652],[-65.6279700003152,-23.6803600001139],[-65.6285399996212,-23.6854199996332],[-65.6290699997806,-23.6809300003192],[-65.6294399997561,-23.6808799998121],[-65.6293900001484,-23.6833100003562],[-65.6301500001223,-23.6866000000899],[-65.6284200003827,-23.6883000002448],[-65.6283299998296,-23.6887300002892],[-65.6301300000994,-23.6900799995923],[-65.6319100003462,-23.6900000003997],[-65.6337800002468,-23.6904100004211],[-65.6335300004092,-23.6911100003262],[-65.6325100001363,-23.6915699999555],[-65.6324799996522,-23.6920600000689],[-65.6362800004217,-23.6970999995653],[-65.6371599996343,-23.697419999933],[-65.6399099996467,-23.6970600004186],[-65.6419199997082,-23.6973399998411],[-65.6447299997896,-23.6992099997416],[-65.6454800002018,-23.6992400002258],[-65.6468899995738,-23.6986700000205],[-65.6472600004486,-23.698219999953],[-65.6479000002847,-23.6965900003282],[-65.6478800002618,-23.6940999997151],[-65.6486099997517,-23.6936899996937],[-65.6498199997931,-23.694259999899],[-65.6533699998256,-23.6980100001613],[-65.6559999997002,-23.6999899997386],[-65.657039999996,-23.6992899998336],[-65.6587699997357,-23.6990100004111],[-65.6595699997557,-23.6992299997646],[-65.6598599996393,-23.7011300001494],[-65.6610800001419,-23.7023899997986],[-65.6641600000839,-23.7027599997741],[-65.6696400000859,-23.7049000004346],[-65.6699999996002,-23.7046800001818],[-65.6700199996233,-23.7033999996103],[-65.6703899995987,-23.7032099998416],[-65.6719100004461,-23.7051300002493],[-65.6724100001214,-23.7066399997361],[-65.6750800000419,-23.7092299995648],[-65.6754399995563,-23.7112799996722],[-65.6742899995838,-23.7132400001258],[-65.6746000003897,-23.7134899999635],[-65.6763999997601,-23.7113700002252],[-65.6764500002673,-23.7086600002588],[-65.6761000003147,-23.7059999999],[-65.6748799998121,-23.7047099997666],[-65.6736200001628,-23.7014000000099],[-65.6746499999975,-23.6995300001093],[-65.6757399999011,-23.6989599999041],[-65.6763500001524,-23.6980799997921],[-65.6771900002183,-23.7000899998536],[-65.6777299999395,-23.7001000003147],[-65.6786500000974,-23.6992099997416],[-65.6790600001189,-23.6992499997876],[-65.6792600003487,-23.7009600004037],[-65.6795700002552,-23.7012599998491],[-65.6816000003397,-23.7001000003147],[-65.682039999946,-23.7010799996422],[-65.6829400000809,-23.7019500001923],[-65.6841399996612,-23.7010000004496],[-65.6847400003507,-23.7009400003807],[-65.6870299998346,-23.7021500004221],[-65.6916400001858,-23.7017800004466],[-65.6951700001953,-23.7030200000729],[-65.6998300001543,-23.7001499999225],[-65.7024499995678,-23.6992000001798],[-65.7046300002743,-23.6971199995883],[-65.7075500000324,-23.6962400003757],[-65.7080800001918,-23.6941500002223],[-65.7089800003267,-23.6932700001104],[-65.7098200003927,-23.6930299998346],[-65.7181099995768,-23.694299999945],[-65.7191899999185,-23.6952099996418],[-65.7208599995893,-23.6955900000784],[-65.7247900000584,-23.6955300000095],[-65.7277200002778,-23.6973700003252],[-65.7313900004481,-23.6978799995623],[-65.7379600003537,-23.6947799995972],[-65.7422199998531,-23.6921499997227],[-65.7546399997362,-23.6767399995513],[-65.7592599996492,-23.6691500002722],[-65.7625399998211,-23.6657900000084],[-65.7638400004157,-23.6649499999425],[-65.7776899996937,-23.6607299995898],[-65.7843399996912,-23.6598900004232],[-65.8007700001353,-23.6534199997332],[-65.810359999914,-23.6529699996657],[-65.8205500003822,-23.6506099996517],[-65.826019999923,-23.6489800000269],[-65.8396400002857,-23.6438999995852],[-65.8621899996687,-23.6112700003102],[-65.8644600000289,-23.6084400002058],[-66.0053800000869,-23.5183400000909],[-66.0439400003307,-23.5036099998016],[-66.0459500003922,-23.50259999999],[-66.0748199998431,-23.4839699997157],[-66.0842100002913,-23.4775300004092],[-66.1092799998721,-23.4626300003742],[-66.1111299997497,-23.461079999942],[-66.1229400002807,-23.447759999924],[-66.1246799995823,-23.446239999976],[-66.1267200001279,-23.4450800004416],[-66.1614099999715,-23.4318599996392],[-66.1779199996083,-23.4242500003372],[-66.1889599997042,-23.4222400002757],[-66.1921399997611,-23.4222699998605],[-66.200899999935,-23.4241500002223],[-66.2028000003197,-23.425079999942],[-66.2096099996018,-23.4299800001769],[-66.2122400003757,-23.4308499998276],[-66.214959999904,-23.430539999921],[-66.2234300001943,-23.4264199996832],[-66.2268499996277,-23.4260699997307],[-66.2281700002453,-23.4269600003037],[-66.2313199998181,-23.4320599998691],[-66.2326200004126,-23.4334599996792],[-66.2372200003027,-23.4366900002433],[-66.2393699996258,-23.4387600003737],[-66.2448499996277,-23.4406599998591],[-66.2483799996372,-23.4395899999785],[-66.253299999895,-23.4403999995603],[-66.2544099998216,-23.4401899997686],[-66.254899999935,-23.4396900000934],[-66.2567200002278,-23.4389700001653],[-66.2571300002493,-23.4376899995938],[-66.2590400001958,-23.4371000002648],[-66.2606499997976,-23.4359500002922],[-66.2656300001244,-23.4307899997586],[-66.2703500001523,-23.4312399998261],[-66.2703700001753,-23.4308099997816],[-66.2696599998091,-23.4300899998536],[-66.270499999875,-23.4275699996557],[-66.2700299997846,-23.4262899999835],[-66.273719999978,-23.4238600003387],[-66.2747499998126,-23.4242599998991],[-66.2767500003122,-23.425819999893],[-66.2790599998191,-23.4262000003297],[-66.2821799998071,-23.4262200003527],[-66.2835999996402,-23.4267899996587],[-66.2839600000539,-23.4275200000479],[-66.2843799996372,-23.4332699999105],[-66.2851900001183,-23.4350799997421],[-66.2858499999775,-23.4349199995583],[-66.2858700000004,-23.4334700001403],[-66.2874500000174,-23.4302999996452],[-66.2881600003837,-23.4301499999225],[-66.2890700000804,-23.4307299996897],[-66.2884799998521,-23.4341299999995],[-66.2896600003087,-23.4371899999185],[-66.2914399996562,-23.4381500001224],[-66.2917600000239,-23.4428300001044],[-66.2926299996747,-23.4463299996297],[-66.2958200001928,-23.4526099996517],[-66.2957499996627,-23.4533699996258],[-66.2946100001514,-23.4547900003582],[-66.2948500004271,-23.4567400003507],[-66.295619999963,-23.457179999957],[-66.2967099998666,-23.456440000006],[-66.2980200000229,-23.4547199998281],[-66.3017199997781,-23.4527699998356],[-66.3033199998181,-23.4512299998645],[-66.3060600002688,-23.4501500004221],[-66.3063399996912,-23.44940000001],[-66.3055599996942,-23.4482999996452],[-66.3062300000145,-23.4466400004357],[-66.3085799995673,-23.4450299999345],[-66.3111500002723,-23.4447899996587],[-66.313559999894,-23.4433299997796],[-66.3146699998206,-23.4431699995957],[-66.3183499995528,-23.4455200000479],[-66.3196500001474,-23.4469900003882],[-66.3205100002363,-23.4470100004111],[-66.3210099999116,-23.4463899996987],[-66.3214500004171,-23.4435099999865],[-66.3223099996068,-23.4420700001303],[-66.3359299999695,-23.4310000004496],[-66.343359999964,-23.4213800001868],[-66.344980000027,-23.4205800001668],[-66.3517799997471,-23.4188300004042],[-66.3556533186457,-23.4169586263395]]},"properties":{"OBJECTID":17,"descript":"CBV","IDUSCO":8001068762,"LEN":6893,"NAM":"RP 79","ACC_LBL":"Exacta","HCT_LBL":"Ruta primaria","RST_LBL":"Consolidada","TUC_LBL":"Informaci\u00f3n no disponible","TYP_LBL":"Carretera","WTC_LBL":"Informaci\u00f3n no disponible","ZPP_LBL":"ARG","OBS":"Oficial - Validada","Secundaria":"0","Intervencion":0,"Carriles":2,"Shape__Length":143430.85197095206}},{"type":"Feature","id":18,"geometry":{"type":"LineString","coordinates":[[-65.4050509195642,-24.1143246365727],[-65.4072199998031,-24.1016800004317],[-65.4074899996637,-24.0960600002688],[-65.4074000000099,-24.0821900000684],[-65.4077499999625,-24.0806700001204],[-65.4087199997282,-24.0793500004021],[-65.4107600002737,-24.077819999993],[-65.4117599996242,-24.0766099999515],[-65.4186400003357,-24.0627399997512],[-65.4190900004032,-24.0577800003467],[-65.4216000001398,-24.0544899997137],[-65.4232600002488,-24.049639999986],[-65.4267199997282,-24.0466299996747],[-65.4328399995663,-24.0338900003232],[-65.4342099997916,-24.0326699998206],[-65.4384999997751,-24.0311400003107],[-65.4390000003497,-24.0305599996442],[-65.4405600003437,-24.026859999889],[-65.4418800000619,-24.0222899995838],[-65.4444499998676,-24.017559999994],[-65.444859999889,-24.0160299995848],[-65.4445700000055,-24.0144499995678],[-65.4447399997512,-24.0131800003567],[-65.4456100003013,-24.0105699996058],[-65.4471199997881,-24.008859999889],[-65.4462900001833,-24.0051699996957],[-65.4466800001818,-24.0039100000464],[-65.4476099999015,-24.0025199997981],[-65.4484000003597,-23.9976900000934],[-65.4493700001254,-23.9958099997316],[-65.4498299997546,-23.9936000003397],[-65.4537499997626,-23.9898100000314],[-65.4543800000369,-23.9886699996208],[-65.4544099996218,-23.9866900000434],[-65.4517599997242,-23.9803000003447],[-65.4506400002358,-23.9692099997416],[-65.4513899997486,-23.9686000003896],[-65.4538899999235,-23.9685000002747],[-65.4546299998746,-23.9669200002577],[-65.4550700003801,-23.9666300003742],[-65.4570699999805,-23.9672500001873],[-65.4578299999545,-23.9670800004416],[-65.4581199998381,-23.9665700003052],[-65.4576099997017,-23.9623000003447],[-65.4580199997231,-23.9615000003247],[-65.4588100001813,-23.9610500002573],[-65.4595399996712,-23.9610399997961],[-65.4614800001019,-23.9621699997456],[-65.4624200002827,-23.9622000002298],[-65.4629300004191,-23.9612899996337],[-65.462159999984,-23.9598600002388],[-65.4622600000989,-23.9591400003107],[-65.4631600002338,-23.9586799997821],[-65.4647699998356,-23.9597000000549],[-65.4655600002937,-23.9595900003782],[-65.4665500000824,-23.9573499996028],[-65.4678099997317,-23.9558499996777],[-65.461319999918,-23.9380400003457],[-65.4619300001693,-23.935379999987],[-65.4623299997297,-23.9292499996877],[-65.4643599998141,-23.9246699998206],[-65.4674700002403,-23.9209999996503],[-65.4677600001239,-23.9181300003992],[-65.4587100000664,-23.8945900003282],[-65.4573700003252,-23.8784299997446],[-65.4579700001154,-23.8770699999805],[-65.4604999998751,-23.8756100001014],[-65.4617900000085,-23.8742399998761],[-65.4664299999445,-23.8637800004466],[-65.4665500000824,-23.862559999944],[-65.4648000003197,-23.8464600003287],[-65.4681100000764,-23.8419199996082],[-65.4686000001898,-23.8363200003677],[-65.4727399995513,-23.827319999918],[-65.4748299997047,-23.8217500002623],[-65.4771899997187,-23.8185799997671],[-65.4777500003622,-23.8166899998436],[-65.4780099997616,-23.8110499996577],[-65.476939999881,-23.8070800000419],[-65.4760700002303,-23.7961499996227],[-65.4777700003852,-23.7876299997247],[-65.4794800001019,-23.7844000000599],[-65.4798100000314,-23.7761799996073],[-65.4778299995548,-23.7666299998746],[-65.4728700001504,-23.7531499996727],[-65.4689300001194,-23.7458399998161],[-65.4691264741074,-23.7444085444187]]},"properties":{"OBJECTID":18,"descript":"CBV","IDUSCO":8001066065,"LEN":3849,"NAM":"RP  30","ACC_LBL":"Exacta","HCT_LBL":"Ruta primaria","RST_LBL":"Consolidada","TUC_LBL":"Informaci\u00f3n no disponible","TYP_LBL":"Carretera","WTC_LBL":"Informaci\u00f3n no disponible","ZPP_LBL":"ARG","OBS":"Oficial - Validada","Secundaria":"0","Intervencion":0,"Carriles":2,"Shape__Length":50169.38180075092}},{"type":"Feature","id":19,"geometry":{"type":"LineString","coordinates":[[-65.0956191830788,-24.3729098970741],[-65.0956300001243,-24.3729000000349],[-65.0976899997936,-24.3683699997756],[-65.1003900001983,-24.364259999999],[-65.1016600003088,-24.3628699997507],[-65.1423400002907,-24.327459999979],[-65.1613100000564,-24.3119899997387],[-65.171759999924,-24.3007500003122],[-65.1892099997416,-24.2874500003172],[-65.1937600000239,-24.2832700000105],[-65.1989999997501,-24.2777600004237],[-65.2213600002638,-24.2609300004191],[-65.2334500002173,-24.2495699999555],[-65.2463499997526,-24.2407899997587],[-65.2488000003197,-24.2385800003666],[-65.2566499998975,-24.2301700001453],[-65.2695300003092,-24.2204299997446],[-65.2723000003447,-24.2176399996862],[-65.2732500000874,-24.2171100004261],[-65.2749475648782,-24.2166292372494]]},"properties":{"OBJECTID":19,"descript":"CBV","IDUSCO":8001067207,"LEN":2659,"NAM":"RP  1","ACC_LBL":"Exacta","HCT_LBL":"Ruta primaria","RST_LBL":"Consolidada","TUC_LBL":"Informaci\u00f3n no disponible","TYP_LBL":"Carretera","WTC_LBL":"Informaci\u00f3n no disponible","ZPP_LBL":"ARG","OBS":"Oficial - Validada","Secundaria":"0","Intervencion":0,"Carriles":4,"Shape__Length":27773.804935477165}},{"type":"Feature","id":20,"geometry":null,"properties":{"OBJECTID":20,"descript":"CBV","IDUSCO":null,"LEN":null,"NAM":null,"ACC_LBL":null,"HCT_LBL":"Ruta primaria","RST_LBL":null,"TUC_LBL":null,"TYP_LBL":null,"WTC_LBL":null,"ZPP_LBL":null,"OBS":null,"Secundaria":"0","Intervencion":0,"Carriles":2,"Shape__Length":null}},{"type":"Feature","id":21,"geometry":{"type":"LineString","coordinates":[[-64.4859182297425,-23.5722132550376],[-64.4877100003162,-23.5732200002028],[-64.4913500000025,-23.5740499998076],[-64.4987899995588,-23.5735700001553],[-64.5011300004491,-23.5743199996682],[-64.5027499996128,-23.5755000001249],[-64.5171200003876,-23.5984600004286],[-64.5203000004446,-23.6017999997702],[-64.5223000000449,-23.6048500001274],[-64.5246200000129,-23.6106699996208],[-64.5374299998945,-23.631699999955],[-64.5382299999145,-23.6347500003123],[-64.5380600001689,-23.6384799996522],[-64.5384700001903,-23.641059999919],[-64.5422300000145,-23.6483800002368],[-64.544059999869,-23.6503799998371],[-64.5504100004212,-23.6542999998451],[-64.5528099995818,-23.6567100003662],[-64.5866200002128,-23.711580000017],[-64.5886300002742,-23.7138500003772],[-64.6254199998331,-23.7345600003437],[-64.6774400002558,-23.7513100002562],[-64.6861499999225,-23.756139999961],[-64.7704699996907,-23.7676100001014],[-64.7721499998226,-23.7680200001229],[-64.7738700000004,-23.7688699997506],[-64.7758800000619,-23.7707599996742],[-64.7853899997486,-23.7914800001019],[-64.7887599995743,-23.799899999885],[-64.8076599997092,-23.8434599995793],[-64.8116100002013,-23.859439999956],[-64.8232599996492,-23.8809999995503],[-64.8241100001763,-23.8838299996547],[-64.8241799998071,-23.8849500000424],[-64.8237699997856,-23.886079999992],[-64.8209599997042,-23.8885099996367],[-64.8196899995938,-23.8900899996537],[-64.81179999997,-23.9029099999964],[-64.8073200002178,-23.9108799997122],[-64.8076300001244,-23.915739999901],[-64.8028399995663,-23.9312799997721],[-64.8013500001024,-23.9393699996258],[-64.8005599996442,-23.9412400004256],[-64.7999300002693,-23.9450000002498],[-64.8000100003612,-23.9471100004261],[-64.7924699997906,-23.9893900004481],[-64.7932000001798,-24.0141999997302],[-64.8037399997012,-24.0587700001353],[-64.8081000002148,-24.0678400002158],[-64.8098299999545,-24.0725200001978],[-64.8135299997097,-24.0792100002413],[-64.8165100004362,-24.087139999911],[-64.8183299998296,-24.0891400004106],[-64.821979999977,-24.0966800000819],[-64.8232199996033,-24.102100000015],[-64.8244400001059,-24.1023899998986],[-64.8327700002353,-24.1143900001983],[-64.8338099996317,-24.1194499997177],[-64.832059999869,-24.1234699998406],[-64.8318999996852,-24.1250200002727],[-64.8351300002493,-24.1320699998306],[-64.8359199998081,-24.1360400003457],[-64.8372499999875,-24.1390299997346],[-64.8372700000104,-24.1410799998421],[-64.8418899999235,-24.1523699997756],[-64.8421999998301,-24.1544900004131],[-64.8428599996892,-24.1740500004071],[-64.8517499995628,-24.2034399995563],[-64.8552999995953,-24.2093699996257],[-64.8572100004411,-24.2114999998251],[-64.8588499996278,-24.2127000003047],[-64.865060000019,-24.2149699997656],[-64.8669499999425,-24.2161799998071],[-64.8678999996852,-24.2174200003327],[-64.8696900003932,-24.2213299998796],[-64.8708099998815,-24.2228400002658],[-64.8823400000909,-24.2327700004351],[-64.8940099995618,-24.2449700000654],[-64.8987699996358,-24.2532699997107],[-64.8994700004401,-24.2557099998166],[-64.8994899995638,-24.2584199997832],[-64.8983199995683,-24.2670100002113],[-64.8988800002118,-24.2695100003862],[-64.9114499998176,-24.3011000002647],[-64.921379999987,-24.3176999995553],[-64.9234999997252,-24.3200799995923],[-64.9591299997496,-24.3505099999365],[-64.9606099996517,-24.3526000000899],[-64.9620100003612,-24.3572499995878],[-64.962839999966,-24.358779999997],[-64.9708699997507,-24.3660899998536],[-64.9727599996742,-24.3688300003042],[-64.9731539836694,-24.3691726950638]]},"properties":{"OBJECTID":21,"descript":"CBV","IDUSCO":8001064859,"LEN":7642,"NAM":"RN  34","ACC_LBL":"Exacta","HCT_LBL":"Ruta primaria","RST_LBL":"Pavimentado","TUC_LBL":"Informaci\u00f3n no disponible","TYP_LBL":"Carretera","WTC_LBL":"Informaci\u00f3n no disponible","ZPP_LBL":"ARG","OBS":"Oficial - Validada","Secundaria":"0","Intervencion":0,"Carriles":2,"Shape__Length":124960.00696222152}},{"type":"Feature","id":22,"geometry":{"type":"LineString","coordinates":[[-64.218793636617,-23.3086705599983],[-64.2233899996487,-23.3098900002233],[-64.2272899996337,-23.3123500003522],[-64.2284799996522,-23.3139300003692],[-64.2464799996522,-23.3313499997027],[-64.2901400003607,-23.3729899998886],[-64.3520799995923,-23.4299299996697],[-64.3541699997456,-23.4314099995718],[-64.3546500002972,-23.4322200000529],[-64.3658800001618,-23.4424499996677],[-64.3676800004316,-23.4445700003053],[-64.368819999943,-23.4465899999285],[-64.3975900001783,-23.5085500000824],[-64.3985100003362,-23.5102700002603],[-64.3999100001463,-23.511899999885],[-64.4560499999075,-23.5554299999945],[-64.4859182297425,-23.5722132550376]]},"properties":{"OBJECTID":22,"descript":"CBV","IDUSCO":null,"LEN":null,"NAM":null,"ACC_LBL":null,"HCT_LBL":"Ruta primaria","RST_LBL":null,"TUC_LBL":null,"TYP_LBL":null,"WTC_LBL":null,"ZPP_LBL":null,"OBS":null,"Secundaria":"0","Intervencion":0,"Carriles":2,"Shape__Length":44482.764803051155}},{"type":"Feature","id":23,"geometry":{"type":"LineString","coordinates":[[-64.2060116910866,-23.3054335779972],[-64.214679999982,-23.3075900002782],[-64.2153399998411,-23.3073200004176],[-64.2165299998596,-23.3080699999305],[-64.218793636617,-23.3086705599983]]},"properties":{"OBJECTID":23,"descript":"CBV","IDUSCO":8001041596,"LEN":489,"NAM":"RP 5","ACC_LBL":"Exacta","HCT_LBL":"Ruta primaria","RST_LBL":"Pavimentado","TUC_LBL":"Informaci\u00f3n no disponible","TYP_LBL":"Carretera","WTC_LBL":"Informaci\u00f3n no disponible","ZPP_LBL":"ARG","OBS":"Oficial - Validada","Secundaria":"0","Intervencion":0,"Carriles":2,"Shape__Length":1503.1099435638769}},{"type":"Feature","id":24,"geometry":{"type":"LineString","coordinates":[[-63.7171387429586,-22.2187322797709],[-63.7195899998786,-22.2270299996347],[-63.7262100002912,-22.2396299997247],[-63.7303099996067,-22.2667700003352],[-63.7358899997237,-22.2802499996377],[-63.7408099999815,-22.3084400001059],[-63.7416000004396,-22.3100899997536],[-63.7664499997676,-22.3462699999605],[-63.7676199997632,-22.3487799996972],[-63.7763300003292,-22.3924799995523],[-63.7881700004451,-22.4665800001669],[-63.7942799998221,-22.4981299999994],[-63.7927599998741,-22.5181899996687],[-63.7940299999844,-22.5327300001893],[-63.7947600003737,-22.5344300003442],[-63.7962299998146,-22.5357500000624],[-63.8017200002777,-22.5374199997332],[-63.8036900002932,-22.5383700003752],[-63.8023299996298,-22.5719199998081],[-63.8035900001783,-22.583759999924],[-63.8025800003667,-22.5894499997177],[-63.8039899997386,-22.6010199999729],[-63.8060199998231,-22.6062199996532],[-63.8134400002558,-22.6679200004077],[-63.8143299999295,-22.6917100003162],[-63.8263100002063,-22.876519999998],[-63.8270199996732,-22.8789400000809],[-63.8414499996177,-22.9122100000914],[-63.880459999929,-23.0007700002353],[-63.8821000000149,-23.0026600001588],[-63.8840700000304,-23.0039999999],[-63.8947699997357,-23.0081499997227],[-63.9060900001534,-23.0167800001968],[-63.9103800001369,-23.0204100003212],[-63.9239200004076,-23.0348499998276],[-64.0330700003802,-23.1257600004236],[-64.0832699996108,-23.1923599996143],[-64.1005200000979,-23.2068299996047],[-64.1051600000339,-23.2130300004341],[-64.1093400003407,-23.2177899996087],[-64.1211999995803,-23.2334899996637],[-64.1326099996517,-23.2428699996507],[-64.1366200002128,-23.2455599995943],[-64.1375000003247,-23.2474700004401],[-64.1439500000924,-23.2688000002198],[-64.144979999927,-23.2708700003502],[-64.1464599998291,-23.272560000044],[-64.1902799998221,-23.3012900002333],[-64.1922499998376,-23.3020100001613],[-64.2060116910866,-23.3054335779972]]},"properties":{"OBJECTID":24,"descript":"CBV","IDUSCO":8001066431,"LEN":1724,"NAM":"RP  135","ACC_LBL":"Exacta","HCT_LBL":"Ruta primaria","RST_LBL":"Consolidada","TUC_LBL":"Informaci\u00f3n no disponible","TYP_LBL":"Carretera","WTC_LBL":"Informaci\u00f3n no disponible","ZPP_LBL":"ARG","OBS":"Oficial - Validada","Secundaria":"0","Intervencion":0,"Carriles":2,"Shape__Length":150553.79067996063}},{"type":"Feature","id":25,"geometry":{"type":"LineString","coordinates":[[-63.701170574962,-22.1865112373037],[-63.7016499999475,-22.1865000002747],[-63.7075800000169,-22.1849800003267],[-63.7159199997082,-22.1816800001318],[-63.7186699997206,-22.1937799996472],[-63.7189900000884,-22.1964699995908],[-63.7164000002597,-22.2140000003997],[-63.7165000003747,-22.2165700002053],[-63.7171387429586,-22.2187322797709]]},"properties":{"OBJECTID":25,"descript":"CBV","IDUSCO":8001059529,"LEN":1655,"NAM":"RP  54","ACC_LBL":"Exacta","HCT_LBL":"Ruta primaria","RST_LBL":"Pavimentado","TUC_LBL":"Informaci\u00f3n no disponible","TYP_LBL":"Carretera","WTC_LBL":"Informaci\u00f3n no disponible","ZPP_LBL":"ARG","OBS":"Oficial - Validada","Secundaria":"0","Intervencion":0,"Carriles":2,"Shape__Length":6266.029700896387}},{"type":"Feature","id":26,"geometry":{"type":"LineString","coordinates":[[-62.7964139311579,-22.1912820094571],[-62.8123200000679,-22.1768500004271],[-62.8129700003652,-22.1758599997391],[-62.8131499996727,-22.1748499999275],[-62.812979999927,-22.16659999989],[-62.8189700000654,-22.1561299999995],[-62.8388699995508,-22.1485900003282],[-62.8807099999665,-22.1334700000404],[-62.8941900001684,-22.1307299995898],[-62.9213200003177,-22.127459999879],[-62.9245499999824,-22.1285299997596],[-62.9263199997681,-22.1286699999205],[-62.9332300000644,-22.1260299995848],[-62.9865599997441,-22.1213099995568],[-63.0700600003687,-22.1122899999835],[-63.0745499996827,-22.1114699999405],[-63.0816899997936,-22.1111100004262],[-63.2237599998241,-22.0960199997232],[-63.2267700001353,-22.0966799995823],[-63.2273499999025,-22.0973200003177],[-63.2373600001639,-22.1246699998206],[-63.2380600000689,-22.1258900003232],[-63.3265499996827,-22.1520499998076],[-63.3312299996647,-22.1532100002413],[-63.3483300004292,-22.1585799996672],[-63.3671600000339,-22.2212999997951],[-63.3675700000554,-22.2223699996757],[-63.3684199996832,-22.2228799998121],[-63.4620200002228,-22.2004600001289],[-63.4783699996757,-22.1959699999155],[-63.4847800002967,-22.1956100004011],[-63.5346099995518,-22.1965200000979],[-63.5682699995608,-22.1966499997976],[-63.5893300003792,-22.2007099999665],[-63.6078100000315,-22.2013200002178],[-63.6087199997282,-22.2016500001474],[-63.6096900003932,-22.2025700003052],[-63.6113499996027,-22.2076699998706],[-63.6203000004446,-22.2200000000999],[-63.6220999998151,-22.221439999956],[-63.6245900004282,-22.2221100002763],[-63.6283900002982,-22.2217699998856],[-63.6311800003567,-22.2219300000694],[-63.6326400002358,-22.2212100001414],[-63.634719999928,-22.2209899998886],[-63.6377700002852,-22.2184299996447],[-63.640139999861,-22.2207299995898],[-63.6440900003532,-22.2223899996987],[-63.6461599995843,-22.2221900003682],[-63.6477900001084,-22.2230899996038],[-63.6489899996887,-22.2226099999515],[-63.6514499998176,-22.2226200004126],[-63.6523499999525,-22.2234599995793],[-63.6544600001288,-22.223840000016],[-63.6575699996557,-22.2225099998366],[-63.6609099998965,-22.2186000002897],[-63.6630400000959,-22.2175800000169],[-63.663760000024,-22.215979999977],[-63.6650799997422,-22.2145899997287],[-63.671539999971,-22.2100899999535],[-63.6744799997521,-22.2060800002918],[-63.6743999996602,-22.2043499996527],[-63.6750900000035,-22.2040100001614],[-63.6813599995643,-22.1960900000534],[-63.6876399995863,-22.1910400000959],[-63.6911800000569,-22.1855499996327],[-63.6936899997936,-22.1848299997047],[-63.6959899997386,-22.1859999997002],[-63.6990899997037,-22.1865600003437],[-63.701170574962,-22.1865112373037]]},"properties":{"OBJECTID":26,"descript":"CBV","IDUSCO":8001069828,"LEN":22829,"NAM":"RP  54","ACC_LBL":"Exacta","HCT_LBL":"Ruta primaria","RST_LBL":"Pavimentado","TUC_LBL":"Informaci\u00f3n no disponible","TYP_LBL":"Carretera","WTC_LBL":"Informaci\u00f3n no disponible","ZPP_LBL":"ARG","OBS":"Oficial - Validada","Secundaria":"0","Intervencion":0,"Carriles":2,"Shape__Length":117724.31685829895}},{"type":"Feature","id":27,"geometry":null,"properties":{"OBJECTID":27,"descript":"CBV","IDUSCO":null,"LEN":null,"NAM":null,"ACC_LBL":null,"HCT_LBL":"Ruta primaria","RST_LBL":null,"TUC_LBL":null,"TYP_LBL":null,"WTC_LBL":null,"ZPP_LBL":null,"OBS":null,"Secundaria":"0","Intervencion":0,"Carriles":2,"Shape__Length":null}},{"type":"Feature","id":28,"geometry":{"type":"LineString","coordinates":[[-65.431401476397,-24.8293372339261],[-65.4315731371905,-24.8294151296045]]},"properties":{"OBJECTID":28,"descript":"CBV","IDUSCO":null,"LEN":null,"NAM":null,"ACC_LBL":null,"HCT_LBL":"Ruta primaria","RST_LBL":null,"TUC_LBL":null,"TYP_LBL":null,"WTC_LBL":null,"ZPP_LBL":null,"OBS":null,"Secundaria":"0","Intervencion":0,"Carriles":4,"Shape__Length":21.364684927853272}},{"type":"Feature","id":29,"geometry":{"type":"LineString","coordinates":[[-65.4769453841221,-24.8388110556857],[-65.4760012470599,-24.8387721114437],[-65.4760012470599,-24.8387721114437],[-65.4754004315846,-24.8388889468674],[-65.469091876289,-24.8386552751208],[-65.4517969897393,-24.8378374181623],[-65.4487929159603,-24.8376037437177],[-65.4467329801429,-24.8374869073948],[-65.445488435343,-24.8372142860105],[-65.4448017885716,-24.8369027176862],[-65.4438147358613,-24.8363185270783],[-65.4415402227031,-24.8350332969491],[-65.4359612280282,-24.831800691049],[-65.4347595988763,-24.8312554239986],[-65.4332146463388,-24.8304764663158],[-65.4323134240253,-24.830048037387],[-65.4312941872769,-24.8293177600066],[-65.4309294069665,-24.8294151296045],[-65.4305753861451,-24.8297461997273],[-65.4305753861451,-24.8297461997273]]},"properties":{"OBJECTID":29,"descript":"CBV","IDUSCO":null,"LEN":null,"NAM":null,"ACC_LBL":null,"HCT_LBL":"Ruta primaria","RST_LBL":null,"TUC_LBL":null,"TYP_LBL":null,"WTC_LBL":null,"ZPP_LBL":null,"OBS":null,"Secundaria":"0","Intervencion":0,"Carriles":4,"Shape__Length":5467.01323103246}},{"type":"Feature","id":30,"geometry":{"type":"LineString","coordinates":[[-65.4804215273316,-24.8391226186139],[-65.4776749447429,-24.8389278920086],[-65.4771599605637,-24.8389278920086]]},"properties":{"OBJECTID":30,"descript":"CBV","IDUSCO":null,"LEN":null,"NAM":null,"ACC_LBL":null,"HCT_LBL":"Ruta primaria","RST_LBL":null,"TUC_LBL":null,"TYP_LBL":null,"WTC_LBL":null,"ZPP_LBL":null,"OBS":null,"Secundaria":"0","Intervencion":0,"Carriles":4,"Shape__Length":364.00760175009185}},{"type":"Feature","id":31,"geometry":{"type":"LineString","coordinates":[[-65.6045756229666,-24.8956193137803],[-65.604565040644,-24.8956449102843]]},"properties":{"OBJECTID":31,"descript":"CBV","IDUSCO":null,"LEN":null,"NAM":null,"ACC_LBL":null,"HCT_LBL":"Ruta primaria","RST_LBL":null,"TUC_LBL":null,"TYP_LBL":null,"WTC_LBL":null,"ZPP_LBL":null,"OBS":null,"Secundaria":"0","Intervencion":0,"Carriles":2,"Shape__Length":3.354912190001804}},{"type":"Feature","id":32,"geometry":{"type":"LineString","coordinates":[[-62.5177676907263,-22.3760164948653],[-62.5188872657347,-22.3789537706],[-62.5191018430755,-22.3795291757309]]},"properties":{"OBJECTID":32,"descript":"CBV","IDUSCO":null,"LEN":null,"NAM":null,"ACC_LBL":null,"HCT_LBL":"Ruta primaria","RST_LBL":null,"TUC_LBL":null,"TYP_LBL":null,"WTC_LBL":null,"ZPP_LBL":null,"OBS":null,"Secundaria":"0","Intervencion":1,"Carriles":2,"Shape__Length":448.19844263769676}},{"type":"Feature","id":33,"geometry":{"type":"LineString","coordinates":[[-62.5177112519727,-22.375868423289],[-62.5182212521091,-22.3735284277947],[-62.5219012518413,-22.3722984277302],[-62.5199912518947,-22.3668284335853],[-62.5195912523344,-22.3669584368823],[-62.5307012520611,-22.3123285121511],[-62.5299712516719,-22.3104585158478],[-62.5257712522414,-22.3123285121511],[-62.5227612519302,-22.302758522288],[-62.5201912521246,-22.3038285248665],[-62.5201836906248,-22.3040482157525]]},"properties":{"OBJECTID":33,"descript":"CBV","IDUSCO":8008016161,"LEN":28650,"NAM":"NEULAND - POZO HONDO","ACC_LBL":"Aproximada","HCT_LBL":"Ruta primaria","RST_LBL":"Suelo natural","TUC_LBL":"General","TYP_LBL":"Rodera","WTC_LBL":"Informaci\u00f3n no disponible","ZPP_LBL":"PRY","OBS":"Oficial - Validada","Secundaria":"0","Intervencion":1,"Carriles":2,"Shape__Length":10449.785550110511}},{"type":"Feature","id":34,"geometry":{"type":"LineString","coordinates":[[-62.5592561047854,-22.3785712709474],[-62.559163313636,-22.3786363081191],[-62.550816280347,-22.3842315409528],[-62.5494000747536,-22.3851640569756],[-62.5482199043251,-22.385798958555],[-62.5475761732018,-22.3859180018143],[-62.5456235247059,-22.3859180018143],[-62.539701208444,-22.3856402327105],[-62.5354525889658,-22.3853624636068],[-62.5344226206074,-22.3850251710748],[-62.5337359747354,-22.3846085142715],[-62.532963499366,-22.3838942439241],[-62.5312039703869,-22.3817315677576],[-62.5301096285565,-22.3804220424433],[-62.5293800679357,-22.3796680670276],[-62.5287577964351,-22.3792513949359],[-62.5278565732222,-22.3790529793115],[-62.5239512771297,-22.3789736132416],[-62.5234148351265,-22.3790529793115],[-62.5234148351265,-22.3790529793115],[-62.5228140196513,-22.379191869709],[-62.5213548993091,-22.379350602748],[-62.5211403219682,-22.3792910784205],[-62.5203034731267,-22.3791323453814],[-62.5190972826135,-22.3795169467497]]},"properties":{"OBJECTID":34,"descript":"CBV","IDUSCO":null,"LEN":null,"NAM":null,"ACC_LBL":null,"HCT_LBL":"Ruta primaria","RST_LBL":null,"TUC_LBL":null,"TYP_LBL":null,"WTC_LBL":null,"ZPP_LBL":null,"OBS":null,"Secundaria":"0","Intervencion":1,"Carriles":2,"Shape__Length":5090.900563239065}},{"type":"Feature","id":35,"geometry":{"type":"LineString","coordinates":[[-62.559163313636,-22.3786363081191],[-62.5605644825648,-22.377851002122],[-62.5606400004356,-22.3778199997931],[-62.5873399996413,-22.3608800001119],[-62.590739999951,-22.3599500003921],[-62.6139300000694,-22.3553699996257],[-62.6164599998291,-22.3541399995613],[-62.6187100001663,-22.3522600000989],[-62.6374999997251,-22.3326899996437],[-62.6440099995618,-22.3212099999415],[-62.6462900003831,-22.3183500002523],[-62.6482099998915,-22.3169300004191],[-62.6503899996987,-22.3159100001464],[-62.6604600000289,-22.3133299998796],[-62.6638699999006,-22.3110299999345],[-62.6949200000579,-22.2827499998126],[-62.6984799996522,-22.2783100001064],[-62.6991099999265,-22.2763800001369],[-62.6991499999725,-22.2714100002713],[-62.6997099997167,-22.2702600002987],[-62.7012499996877,-22.2688399995663],[-62.7036899997936,-22.2681100000764],[-62.7117500000624,-22.2685099996367],[-62.717519999948,-22.26759999994],[-62.7160010683946,-22.2686654618415]]},"properties":{"OBJECTID":35,"descript":"CBV","IDUSCO":8001055420,"LEN":5811,"NAM":"RP  135","ACC_LBL":"Exacta","HCT_LBL":"Ruta primaria","RST_LBL":"Suelo natural","TUC_LBL":"Informaci\u00f3n no disponible","TYP_LBL":"Carretera","WTC_LBL":"Informaci\u00f3n no disponible","ZPP_LBL":"ARG","OBS":"Oficial - Validada","Secundaria":"0","Intervencion":1,"Carriles":2,"Shape__Length":23599.6915296306}},{"type":"Feature","id":36,"geometry":{"type":"LineString","coordinates":[[-60.5743158607883,-22.0468316280772],[-60.5796357940566,-22.0406199972151],[-60.5809757937978,-22.0396300028223],[-60.5887557937448,-22.0390499958606],[-60.5908257938752,-22.0386200012121],[-60.5907723597566,-22.0386629986984]]},"properties":{"OBJECTID":36,"descript":"CBV","IDUSCO":null,"LEN":null,"NAM":null,"ACC_LBL":null,"HCT_LBL":"Ruta primaria","RST_LBL":null,"TUC_LBL":null,"TYP_LBL":null,"WTC_LBL":null,"ZPP_LBL":null,"OBS":null,"Secundaria":"0","Intervencion":0,"Carriles":2,"Shape__Length":2256.1350430435664}},{"type":"Feature","id":37,"geometry":{"type":"LineString","coordinates":[[-59.2699644963644,-22.0768897551581],[-59.2790480177518,-22.0767036710375],[-59.283267899394,-22.0766089265607],[-59.3664815010204,-22.0764800015508],[-59.4145466868801,-22.0567532393704],[-60.5756722200969,-22.045797976995]]},"properties":{"OBJECTID":37,"descript":"CBV","IDUSCO":8008016198,"LEN":30256,"NAM":"PUERTO ESPERANZA - KM160","ACC_LBL":"Aproximada","HCT_LBL":"Ruta primaria","RST_LBL":"Suelo natural","TUC_LBL":"General","TYP_LBL":"Rodera","WTC_LBL":"Informaci\u00f3n no disponible","ZPP_LBL":"PRY","OBS":"Oficial - Validada","Secundaria":"0","Intervencion":0,"Carriles":2,"Shape__Length":145859.0242748527}},{"type":"Feature","id":38,"geometry":null,"properties":{"OBJECTID":38,"descript":"CBV","IDUSCO":null,"LEN":null,"NAM":null,"ACC_LBL":null,"HCT_LBL":"Ruta primaria","RST_LBL":null,"TUC_LBL":null,"TYP_LBL":null,"WTC_LBL":null,"ZPP_LBL":null,"OBS":null,"Secundaria":"0","Intervencion":0,"Carriles":2,"Shape__Length":null}},{"type":"Feature","id":39,"geometry":{"type":"LineString","coordinates":[[-57.9519487950009,-21.6701984680848],[-58.0081443719652,-21.6710098831995],[-58.0100943719577,-21.6716798781238],[-58.0116943719976,-21.6726498760909],[-58.0135343723134,-21.6743798758305],[-58.0145343716639,-21.6760498817966],[-58.0153143716609,-21.6794498794084],[-58.0153743717298,-21.6840898793444],[-58.0164643716334,-21.6867498761059],[-58.01837437158,-21.6889798719235],[-58.0210943720076,-21.6905098768293],[-58.0225343718637,-21.6909398786724],[-58.4075343718138,-21.6909398786724],[-58.4238043720741,-21.6907198748223],[-58.4246943717478,-21.6898998801753],[-58.4256143719057,-21.6896998772475],[-58.427024372177,-21.690029882573],[-58.4281243716424,-21.6907298761828],[-58.4985162732074,-21.6908498295559],[-58.4988964238308,-21.6907134050995]]},"properties":{"OBJECTID":39,"descript":"CBV","IDUSCO":8008016166,"LEN":62511,"NAM":"CRUCE PARAGRO - A CARMELO PERALTA","ACC_LBL":"Aproximada","HCT_LBL":"Ruta primaria","RST_LBL":"Suelo natural","TUC_LBL":"General","TYP_LBL":"Rodera","WTC_LBL":"Todo el a\u00f1o","ZPP_LBL":"PRY","OBS":"Oficial - Validada","Secundaria":"0","Intervencion":0,"Carriles":2,"Shape__Length":62503.60835462981}},{"type":"Feature","id":40,"geometry":{"type":"LineString","coordinates":[[-57.9517954641893,-21.6700261193099],[-57.9517985947293,-21.670397078862],[-57.9517985947293,-21.670397078862],[-57.952056084121,-21.6703978756614],[-57.9514338827674,-21.6703978756614],[-57.9161574691918,-21.670876463378]]},"properties":{"OBJECTID":40,"descript":"CBV","IDUSCO":null,"LEN":null,"NAM":null,"ACC_LBL":null,"HCT_LBL":"Ruta primaria","RST_LBL":null,"TUC_LBL":null,"TYP_LBL":null,"WTC_LBL":null,"ZPP_LBL":null,"OBS":null,"Secundaria":"0","Intervencion":0,"Carriles":2,"Shape__Length":4069.734602280657}},{"type":"Feature","id":41,"geometry":{"type":"LineString","coordinates":[[-68.8955699996557,-22.4721699998456],[-68.8955699996557,-22.4721699998456],[-68.8973099998566,-22.4715000004246],[-68.8986600000589,-22.4714699999405],[-68.8999700002153,-22.4730200003727]]},"properties":{"OBJECTID":41,"descript":"CBV","IDUSCO":null,"LEN":null,"NAM":null,"ACC_LBL":null,"HCT_LBL":"Ruta primaria","RST_LBL":null,"TUC_LBL":null,"TYP_LBL":null,"WTC_LBL":null,"ZPP_LBL":null,"OBS":null,"Secundaria":"0","Intervencion":0,"Carriles":4,"Shape__Length":597.0860843478774}},{"type":"Feature","id":42,"geometry":null,"properties":{"OBJECTID":42,"descript":"CBV","IDUSCO":null,"LEN":null,"NAM":null,"ACC_LBL":null,"HCT_LBL":"Ruta primaria","RST_LBL":null,"TUC_LBL":null,"TYP_LBL":null,"WTC_LBL":null,"ZPP_LBL":null,"OBS":null,"Secundaria":"0","Intervencion":0,"Carriles":2,"Shape__Length":null}},{"type":"Feature","id":43,"geometry":{"type":"LineString","coordinates":[[-68.8963375143647,-22.4716421193883],[-68.8955699996557,-22.4721699998456]]},"properties":{"OBJECTID":43,"descript":"CBV","IDUSCO":null,"LEN":null,"NAM":null,"ACC_LBL":null,"HCT_LBL":"Ruta primaria","RST_LBL":null,"TUC_LBL":null,"TYP_LBL":null,"WTC_LBL":null,"ZPP_LBL":null,"OBS":null,"Secundaria":"0","Intervencion":0,"Carriles":4,"Shape__Length":106.50746306763637}},{"type":"Feature","id":44,"geometry":{"type":"LineString","coordinates":[[-69.6344032673968,-23.1831822832357],[-69.6164644752553,-23.1691130939941],[-69.6094844753283,-23.1609730558618],[-69.5689044745618,-23.1323528628943],[-69.56729447496,-23.1316328620669],[-69.554714474893,-23.1290128455663],[-69.5435844751433,-23.1239728020032],[-69.5400144750879,-23.1230328018223],[-69.5317844750734,-23.1188127340204],[-69.4937244754042,-23.0825124800668],[-69.489794474935,-23.0780824799224],[-69.4842244752793,-23.0689724177428],[-69.4299444749575,-23.0203820781703],[-69.3837344753657,-22.973551711842],[-69.3740044754261,-22.962081654145],[-69.3680144752877,-22.9535115781968],[-69.3446644749855,-22.9216313446108],[-69.3414644749055,-22.9178713276996],[-69.3246244753392,-22.8944711542204],[-69.3172544754137,-22.888051136051],[-69.3151244752143,-22.8849111288455],[-69.3077444748276,-22.8791210776756],[-69.2914544754436,-22.8559909256406],[-69.2892744747372,-22.8545408938471],[-69.2867944745853,-22.8540008869313],[-69.2742144754177,-22.8566709264221],[-69.2723844746637,-22.856620925915],[-69.2703444750175,-22.8559609260558],[-69.2522244748796,-22.8432008097695],[-69.239394474975,-22.8290607341655],[-69.2282044751564,-22.8152106179756],[-69.2185644748706,-22.7983705023967],[-69.2135244753742,-22.7825103717562],[-69.212814475008,-22.7783003682673],[-69.2128644746158,-22.7615502352551],[-69.2134444752822,-22.7593202331422],[-69.2168244746697,-22.7516101761686],[-69.2171144745533,-22.7501101762436],[-69.2168444746927,-22.7483601746823],[-69.2034244745598,-22.7285999963927],[-69.2002644754252,-22.7193399731612],[-69.1942044747566,-22.709759868623],[-69.1731444748376,-22.6638595865507],[-69.1713744750519,-22.6505894656313],[-69.1665844753932,-22.6400994081611],[-69.165834474981,-22.6390494083035],[-69.1581244746648,-22.6352993900547],[-69.1455944751049,-22.6298293464471],[-69.1435244749745,-22.6300893476453],[-69.1334444750824,-22.635059389779],[-69.128214474918,-22.635169390355],[-69.1262344753407,-22.634429390404],[-69.0854844748286,-22.6081992006326],[-69.0685844751933,-22.5953090819485],[-69.0398944750499,-22.5777389668798],[-68.9922044746567,-22.5438387597509],[-68.9499044746118,-22.5189085795673],[-68.9365844745938,-22.5095685049825],[-68.9349644754301,-22.5080284663406],[-68.9258744753267,-22.4969884347684],[-68.9242144752178,-22.4919183898218],[-68.9235144753127,-22.4916183903763],[-68.921614474928,-22.491868390214],[-68.9206544747242,-22.4914283897084],[-68.9006044746168,-22.4739182558228],[-68.8983644747407,-22.4712782563864],[-68.8975544751589,-22.4697782510654],[-68.896594474955,-22.4696982509735],[-68.8951519893728,-22.4706903740615]]},"properties":{"OBJECTID":44,"descript":"CBV","IDUSCO":8004000595,"LEN":93914,"NAM":"Ruta 23 CH","ACC_LBL":"Precisa","HCT_LBL":"Ruta primaria","RST_LBL":"Pavimentado","TUC_LBL":"General","TYP_LBL":"Carretera","WTC_LBL":"Informaci\u00f3n no disponible","ZPP_LBL":"CHL","OBS":"Oficial - Validada","Secundaria":"0","Intervencion":0,"Carriles":4,"Shape__Length":125849.78840073949}},{"type":"Feature","id":45,"geometry":null,"properties":{"OBJECTID":45,"descript":"CBV","IDUSCO":null,"LEN":null,"NAM":null,"ACC_LBL":null,"HCT_LBL":"Ruta primaria","RST_LBL":null,"TUC_LBL":null,"TYP_LBL":null,"WTC_LBL":null,"ZPP_LBL":null,"OBS":null,"Secundaria":"0","Intervencion":0,"Carriles":2,"Shape__Length":null}},{"type":"Feature","id":46,"geometry":null,"properties":{"OBJECTID":46,"descript":"CBV","IDUSCO":null,"LEN":null,"NAM":null,"ACC_LBL":null,"HCT_LBL":"Ruta primaria","RST_LBL":null,"TUC_LBL":null,"TYP_LBL":null,"WTC_LBL":null,"ZPP_LBL":null,"OBS":null,"Secundaria":"0","Intervencion":0,"Carriles":2,"Shape__Length":null}},{"type":"Feature","id":47,"geometry":{"type":"LineString","coordinates":[[-70.2602354079377,-23.5942711795713],[-70.260279999922,-23.5943600002138],[-70.2644299997447,-23.5999499998925],[-70.2688100002812,-23.6049999998501],[-70.2867999998201,-23.6228300001044],[-70.2918200001928,-23.6244100001214],[-70.2933899997486,-23.6246300003742],[-70.3024999998751,-23.6224600001289],[-70.3045600004436,-23.622339999991],[-70.3070100001114,-23.6226600003587],[-70.3085500000824,-23.623099999965],[-70.3108900000734,-23.6243500000524],[-70.3110944924168,-23.6244938241306]]},"properties":{"OBJECTID":47,"descript":"CBV","IDUSCO":8004000628,"LEN":1208803,"NAM":"Ruta 5","ACC_LBL":"Precisa","HCT_LBL":"Ruta primaria","RST_LBL":"Pavimentado","TUC_LBL":"General","TYP_LBL":"Carretera","WTC_LBL":"Informaci\u00f3n no disponible","ZPP_LBL":"CHL","OBS":"Oficial - Validada","Secundaria":"0","Intervencion":0,"Carriles":2,"Shape__Length":7397.505202029084}},{"type":"Feature","id":48,"geometry":{"type":"LineString","coordinates":[[-69.8289162693703,-23.3280901578345],[-69.8289799998271,-23.3281600000839],[-69.8302460348266,-23.3288773074418],[-69.8316699997706,-23.3291299998496],[-69.8427600003737,-23.3284900000135],[-69.8444999996752,-23.3287300002892],[-69.8461799998071,-23.3293900001484],[-69.8551899998186,-23.3355799996173],[-69.8563900002982,-23.3374700004401],[-69.8579700003152,-23.3414400000559],[-69.8600599995693,-23.3436199998631],[-69.89559999994,-23.3628200003427],[-69.9119100002463,-23.3687700004351],[-69.9147299998895,-23.3700900001533],[-69.9305100000364,-23.3796100003012],[-69.9357200001778,-23.3831800003567],[-69.9821299999995,-23.4122000004296],[-70.0376699999705,-23.4459999997002],[-70.0412400000259,-23.4471899997187],[-70.0636199996632,-23.4500900003532],[-70.0655699996557,-23.4499799997771],[-70.0738900002233,-23.4482000004296],[-70.0778599998391,-23.4481400003607],[-70.0909700000654,-23.4507999998201],[-70.0993299997796,-23.4512600003487],[-70.1081500000224,-23.452439999906],[-70.1516699996707,-23.4561799997072],[-70.1537599998241,-23.4566699998206],[-70.1554800000019,-23.4574899998636],[-70.1707099999665,-23.4690400000959],[-70.1877000001548,-23.4854200000329],[-70.2118100004311,-23.5146600003587],[-70.2138700001004,-23.5161600002837],[-70.2207000003047,-23.5196599998091],[-70.2239400004306,-23.5226300000744],[-70.2254200003327,-23.5249199995583],[-70.234275952773,-23.5425642511393]]},"properties":{"OBJECTID":48,"descript":"CBV","IDUSCO":8004000628,"LEN":1208803,"NAM":"Ruta 5","ACC_LBL":"Precisa","HCT_LBL":"Ruta primaria","RST_LBL":"Pavimentado","TUC_LBL":"General","TYP_LBL":"Carretera","WTC_LBL":"Informaci\u00f3n no disponible","ZPP_LBL":"CHL","OBS":"Oficial - Validada","Secundaria":"0","Intervencion":0,"Carriles":4,"Shape__Length":54788.81118646849}},{"type":"Feature","id":49,"geometry":{"type":"LineString","coordinates":[[-69.6344169361926,-23.1832006132177],[-69.635677240712,-23.1841816188866],[-69.6712499997876,-23.2131099996267],[-69.6932600003487,-23.2234600002788],[-69.7571899996187,-23.2727600002738],[-69.7759200000079,-23.2877200003777],[-69.7846200001129,-23.2923699998756],[-69.8244800000519,-23.3222599995993],[-69.8257599997241,-23.3234000000099],[-69.827519999948,-23.3265600000439],[-69.8289162693703,-23.3280901578345]]},"properties":{"OBJECTID":49,"descript":"CBV","IDUSCO":null,"LEN":null,"NAM":null,"ACC_LBL":null,"HCT_LBL":"Ruta primaria","RST_LBL":null,"TUC_LBL":null,"TYP_LBL":null,"WTC_LBL":null,"ZPP_LBL":null,"OBS":null,"Secundaria":"0","Intervencion":0,"Carriles":4,"Shape__Length":27997.215496992823}},{"type":"Feature","id":50,"geometry":{"type":"LineString","coordinates":[[-70.3911646001661,-23.2516366673983],[-70.3601799996073,-23.2064100000214],[-70.3579500001923,-23.2027199998281],[-70.3308899996737,-23.0801200001379],[-70.3309025065454,-23.0801179532809]]},"properties":{"OBJECTID":50,"descript":"CBV","IDUSCO":8004000582,"LEN":408601,"NAM":"Ruta 1","ACC_LBL":"Precisa","HCT_LBL":"Ruta primaria","RST_LBL":"Pavimentado","TUC_LBL":"General","TYP_LBL":"Carretera","WTC_LBL":"Informaci\u00f3n no disponible","ZPP_LBL":"CHL","OBS":"Oficial - Validada","Secundaria":"0","Intervencion":0,"Carriles":2,"Shape__Length":22131.31313565829}},{"type":"Feature","id":51,"geometry":{"type":"LineString","coordinates":[[-70.3267755482529,-23.3966868579121],[-70.3283500003522,-23.3954299995947],[-70.3320799996922,-23.3941499999225],[-70.3393500004021,-23.3901400002608],[-70.3475600003937,-23.3876499996477],[-70.3529099997966,-23.3864300000444],[-70.3572100002413,-23.3847400003507],[-70.3812600004486,-23.3789699995658],[-70.3881699998456,-23.3762799996222],[-70.3893799998871,-23.3753000002947],[-70.3928699998506,-23.3700700001303],[-70.3930500000574,-23.3688899996737],[-70.3918199999929,-23.3668200004426],[-70.3916199997631,-23.365619999963],[-70.3923500001524,-23.3639100002463],[-70.3937200003777,-23.3630100001114],[-70.3954700001403,-23.3628600003886],[-70.3978900002233,-23.3635600002937],[-70.4013299996797,-23.3639700003152],[-70.4039400004306,-23.3649899996887],[-70.4075000000249,-23.3647100002663],[-70.4282399995763,-23.3657000000549],[-70.429299999895,-23.3655500003322],[-70.4300599998691,-23.3648899995738]]},"properties":{"OBJECTID":51,"descript":"CBV","IDUSCO":8004000582,"LEN":408601,"NAM":"Ruta 1","ACC_LBL":"Precisa","HCT_LBL":"Ruta primaria","RST_LBL":"Pavimentado","TUC_LBL":"General","TYP_LBL":"Carretera","WTC_LBL":"Informaci\u00f3n no disponible","ZPP_LBL":"CHL","OBS":"Oficial - Validada","Secundaria":"0","Intervencion":0,"Carriles":2,"Shape__Length":13356.23026582843}},{"type":"Feature","id":52,"geometry":{"type":"LineString","coordinates":[[-70.2294467543642,-23.5329096692458],[-70.2332600003487,-23.5339100004461]]},"properties":{"OBJECTID":52,"descript":"CBV","IDUSCO":8004000628,"LEN":1208803,"NAM":"Ruta 5","ACC_LBL":"Precisa","HCT_LBL":"Ruta primaria","RST_LBL":"Pavimentado","TUC_LBL":"General","TYP_LBL":"Carretera","WTC_LBL":"Informaci\u00f3n no disponible","ZPP_LBL":"CHL","OBS":"Oficial - Validada","Secundaria":"0","Intervencion":0,"Carriles":2,"Shape__Length":441.5231677786867}},{"type":"Feature","id":53,"geometry":null,"properties":{"OBJECTID":53,"descript":"CBV","IDUSCO":null,"LEN":null,"NAM":null,"ACC_LBL":null,"HCT_LBL":"Ruta primaria","RST_LBL":null,"TUC_LBL":null,"TYP_LBL":null,"WTC_LBL":null,"ZPP_LBL":null,"OBS":null,"Secundaria":"0","Intervencion":0,"Carriles":2,"Shape__Length":null}},{"type":"Feature","id":54,"geometry":{"type":"LineString","coordinates":[[-68.1788657496546,-22.9244866786173],[-68.1787799192578,-22.9244866786173]]},"properties":{"OBJECTID":54,"descript":"CBV","IDUSCO":null,"LEN":null,"NAM":null,"ACC_LBL":null,"HCT_LBL":"Ruta primaria","RST_LBL":null,"TUC_LBL":null,"TYP_LBL":null,"WTC_LBL":null,"ZPP_LBL":null,"OBS":null,"Secundaria":"0","Intervencion":0,"Carriles":2,"Shape__Length":9.554596061818302}},{"type":"Feature","id":55,"geometry":{"type":"LineString","coordinates":[[-56.1663195952731,-21.4782782925092],[-56.1842058274369,-21.4728394931481],[-56.1870058270572,-21.4726494906814],[-56.1904958270208,-21.473849493859],[-56.2455058268324,-21.4966394422564],[-56.300745827358,-21.4961594444028],[-56.3037258271851,-21.4951394423314],[-56.3207758274424,-21.485359465267],[-56.321885827369,-21.484009465964],[-56.3314758271476,-21.4670795090121],[-56.339655826655,-21.4604295171085],[-56.342185827314,-21.4596195247212],[-56.3440458267535,-21.4596395238449],[-56.349895826731,-21.4618195173568],[-56.3629658269114,-21.4637295119074],[-56.4581214198676,-21.4978833062695]]},"properties":{"OBJECTID":55,"descript":"CBV","IDUSCO":8002110969,"LEN":28800,"NAM":"BR-060","ACC_LBL":"Aproximada","HCT_LBL":"Ruta primaria","RST_LBL":"Pavimentado","TUC_LBL":"General","TYP_LBL":"Carretera","WTC_LBL":"Todo el a\u00f1o","ZPP_LBL":"BRA","OBS":"Oficial - Validada","Secundaria":"0","Intervencion":0,"Carriles":2,"Shape__Length":35991.59626792697}},{"type":"Feature","id":56,"geometry":{"type":"LineString","coordinates":[[-55.8477813678159,-21.1549191763788],[-55.8481858271142,-21.1552801840332],[-55.8729758272726,-21.179570130557],[-55.9980458266535,-21.2996998742498],[-55.9991158274335,-21.3015598691925],[-55.9995458265786,-21.3032698644127],[-56.004775826743,-21.3621997383272],[-56.0055458271781,-21.3649597289083],[-56.0074458266635,-21.3678797259685],[-56.0591358271566,-21.4209696093599],[-56.0949491989463,-21.4430242423749]]},"properties":{"OBJECTID":56,"descript":"CBV","IDUSCO":8002126302,"LEN":55425,"NAM":"MS-382","ACC_LBL":"Aproximada","HCT_LBL":"Ruta primaria","RST_LBL":"Informaci\u00f3n no disponible","TUC_LBL":"General","TYP_LBL":"Informaci\u00f3n no disponible","WTC_LBL":"Todo el a\u00f1o","ZPP_LBL":"BRA","OBS":"Oficial - Validada","Secundaria":"0","Intervencion":0,"Carriles":2,"Shape__Length":45682.47751213123}},{"type":"Feature","id":57,"geometry":{"type":"LineString","coordinates":[[-54.9673072070619,-20.9450184765215],[-54.9729658268114,-20.954760612812],[-54.9739158265541,-20.9581506090633],[-54.9736858267395,-20.9612606040936],[-54.9730158273185,-20.9629506019887],[-54.9686458272431,-20.9697805824079],[-54.9683358273365,-20.9715005762905],[-54.9706858268893,-20.9772105680133],[-54.9768858268194,-20.9841705517295],[-54.9908258266506,-20.9900505369027],[-54.9925658268514,-20.9902905371785],[-55.0208058269274,-20.9793005645694],[-55.028075826738,-20.9786905652174],[-55.0440558271147,-20.9760005742671],[-55.0463758270827,-20.9764205711524],[-55.0543458267985,-20.9788505609046],[-55.1114558272246,-20.9974705256442],[-55.1135858274239,-20.9983505257561],[-55.1215358271167,-21.0033205094339],[-55.12762582737,-21.0052505058062],[-55.129985827384,-21.0051205052071],[-55.1506258268204,-21.0015505159435],[-55.1526358268819,-21.0019805177867],[-55.1556058271472,-21.0045205099136],[-55.1574058274169,-21.0051305047689],[-55.1755858267245,-21.003220509319],[-55.2001058270222,-21.00476050929],[-55.2017258270852,-21.0040405120599],[-55.2051958270258,-20.9994205193415],[-55.2065458272281,-20.9981605259874],[-55.208075826738,-20.9974205251371],[-55.2103058270523,-20.9971105270292],[-55.2441658272911,-20.9964605294299],[-55.2731758269029,-20.9992605200569],[-55.2754558268249,-20.9997605179335],[-55.3012858272791,-21.0223004718892],[-55.3019858271841,-21.0236804635825],[-55.3055458267784,-21.0370704389496],[-55.306105827422,-21.0382604371694],[-55.3245058269823,-21.056560400642],[-55.3396458272931,-21.0727003670283],[-55.3537958269158,-21.1018702975761],[-55.3626458267435,-21.1189002654348],[-55.366345827398,-21.1234802518121],[-55.3907058266126,-21.1484802022994],[-55.4125558269898,-21.1664001590401],[-55.4378258268004,-21.1855901230857],[-55.442285827429,-21.1886301103912],[-55.473295826641,-21.1990500926876],[-55.483705827362,-21.2012600848849],[-55.490495826621,-21.2020300853201],[-55.5101058271222,-21.2051300753926],[-55.538335826737,-21.2213100454222],[-55.5391658272411,-21.2211000447313],[-55.540655826705,-21.221420039703],[-55.552415826729,-21.217970049678],[-55.5753258274249,-21.2079100740906],[-55.5763358272366,-21.2071000700122],[-55.5770058266575,-21.2057400783419],[-55.5783958269058,-21.1966500980235],[-55.5793158270637,-21.1953701001499],[-55.5802958272906,-21.1948101031037],[-55.5967658268814,-21.1943700972022],[-55.6071158266341,-21.1948301013281],[-55.6089358269268,-21.1944300981705],[-55.6104958269208,-21.1928901035954],[-55.6105008046683,-21.1928822525139]]},"properties":{"OBJECTID":57,"descript":"CBV","IDUSCO":8002114439,"LEN":4400,"NAM":"BR-060","ACC_LBL":"Aproximada","HCT_LBL":"Ruta primaria","RST_LBL":"Pavimentado","TUC_LBL":"General","TYP_LBL":"Carretera","WTC_LBL":"Todo el a\u00f1o","ZPP_LBL":"BRA","OBS":"Oficial - Validada","Secundaria":"0","Intervencion":0,"Carriles":2,"Shape__Length":91166.15625082627}},{"type":"Feature","id":58,"geometry":{"type":"LineString","coordinates":[[-54.7489746768399,-20.6262298625181],[-54.7534958268708,-20.6369712903927],[-54.7561458267684,-20.6674312255706],[-54.7703558273595,-20.6993511579295],[-54.7886758268279,-20.7665010197063],[-54.799495826671,-20.8095709293548],[-54.8070458268034,-20.8373808691318],[-54.8166558266051,-20.8514008375785],[-54.8241758271527,-20.8708807952125],[-54.8295158269938,-20.8836307671462],[-54.8306158273585,-20.884780770716],[-54.8322758265681,-20.8856907623188],[-54.8692431625419,-20.896898164019]]},"properties":{"OBJECTID":58,"descript":"CBV","IDUSCO":8002126205,"LEN":28214,"NAM":"MS-258","ACC_LBL":"Aproximada","HCT_LBL":"Ruta primaria","RST_LBL":"No pavimentado","TUC_LBL":"General","TYP_LBL":"Informaci\u00f3n no disponible","WTC_LBL":"Todo el a\u00f1o","ZPP_LBL":"BRA","OBS":"Oficial - Validada","Secundaria":"0","Intervencion":0,"Carriles":2,"Shape__Length":36862.93661513626}},{"type":"Feature","id":59,"geometry":{"type":"LineString","coordinates":[[-56.4581214198676,-21.4978833062695],[-56.6328137578486,-21.5624161390935],[-56.6353837576543,-21.5640061188872],[-56.6377737581524,-21.5661460961654],[-56.7244837584187,-21.6593749608857],[-56.7331037584316,-21.6685148499803],[-56.7362637575663,-21.6712348189317],[-56.7404137582883,-21.6734447949413],[-56.7651237583547,-21.6841846651901],[-56.7956437583528,-21.689794595644],[-56.797723758045,-21.6904345819903],[-56.8146337581414,-21.699704468986],[-56.8330637581859,-21.7139342960309],[-56.8354337577617,-21.7141142944391],[-56.8407537575798,-21.7119543243326],[-56.8456137577687,-21.7113443312758],[-56.8475037576922,-21.7114943309985],[-56.85162375793,-21.7127143162127],[-56.8530937582703,-21.7137543003207],[-56.8625137583032,-21.7230041845954],[-56.8712137584082,-21.7293441091433],[-56.8800537577746,-21.7391339877433],[-56.8825537579496,-21.7405739750089],[-56.8849237584247,-21.7409039659452],[-56.8909837581938,-21.7402439786766],[-56.8935737580225,-21.7387139989518],[-56.8988237582099,-21.7337640530686],[-56.9003137576738,-21.7333840598265],[-56.9019937578057,-21.7337240539219],[-56.9144537577347,-21.7405239763004],[-56.9156037577072,-21.7417539637744],[-56.9207037581718,-21.7492738698932],[-56.9226637577262,-21.7511538468725],[-56.9238397696896,-21.7516143249411]]},"properties":{"OBJECTID":59,"descript":"CBV","IDUSCO":8002126363,"LEN":27925,"NAM":"MS-474","ACC_LBL":"Aproximada","HCT_LBL":"Ruta primaria","RST_LBL":"No pavimentado","TUC_LBL":"General","TYP_LBL":"Informaci\u00f3n no disponible","WTC_LBL":"Todo el a\u00f1o","ZPP_LBL":"BRA","OBS":"Oficial - Validada","Secundaria":"0","Intervencion":0,"Carriles":2,"Shape__Length":63238.45325473255}},{"type":"Feature","id":60,"geometry":{"type":"LineString","coordinates":[[-57.8388762841132,-21.7020949650106],[-57.8413058296003,-21.7018994937666],[-57.8471409062278,-21.7013224383798]]},"properties":{"OBJECTID":60,"descript":"CBV","IDUSCO":null,"LEN":null,"NAM":null,"ACC_LBL":null,"HCT_LBL":"Ruta primaria","RST_LBL":null,"TUC_LBL":null,"TYP_LBL":null,"WTC_LBL":null,"ZPP_LBL":null,"OBS":null,"Secundaria":"0","Intervencion":0,"Carriles":2,"Shape__Length":924.6947298011254}},{"type":"Feature","id":61,"geometry":{"type":"LineString","coordinates":[[-56.9249867299536,-21.7504483799887],[-56.9268320902287,-21.7506476796467],[-56.9314558304222,-21.7500294389075],[-56.9372558298926,-21.7514894387865],[-56.9392258299081,-21.7527594406956],[-56.941685830037,-21.7561394355864],[-56.943225830008,-21.7575394309],[-56.9506358299795,-21.7616594302385],[-56.9529158299016,-21.7622794273536],[-56.9569658296093,-21.7622894269155],[-56.9586058296952,-21.7619994297298],[-56.9670658304237,-21.7586494308266],[-56.9687058296103,-21.7576194309919],[-56.9735758302603,-21.7509894418092],[-56.9740658303737,-21.7494294463119],[-56.974485829957,-21.7443594463313],[-56.9756958299985,-21.7413694469424],[-56.9766958302483,-21.7399194520211],[-56.9964958296188,-21.7218094721294],[-56.9993358301844,-21.7204994782683],[-57.0034358303992,-21.720039475941],[-57.0050358304392,-21.7202794771162],[-57.0063058296503,-21.7211494713709],[-57.0083258301729,-21.7260694707294],[-57.0124558299725,-21.7303294576383],[-57.01370583006,-21.7311294639536],[-57.0160958296588,-21.731749461968],[-57.0181458297662,-21.7332794632766],[-57.0195858296223,-21.7337094552271],[-57.0232658302538,-21.7334594589868],[-57.0275458297762,-21.7320894587615],[-57.0312658295543,-21.7318994598922],[-57.0332158304462,-21.7312994672965],[-57.0371758296008,-21.72938946735],[-57.0384258296883,-21.7284494617732],[-57.0416958302983,-21.7231294655523],[-57.0431858297622,-21.7217794716453],[-57.0451558297777,-21.7209094728938],[-57.0510058297552,-21.719719471976],[-57.0527258299331,-21.7199494735893],[-57.0688558300325,-21.7251194673895],[-57.1026658297642,-21.73151946665],[-57.1049858297322,-21.732439458714],[-57.1123958297038,-21.73784945279],[-57.1464158301264,-21.7521294341261],[-57.1477758298906,-21.7532094389644],[-57.1562558297427,-21.7623094287371],[-57.1584758295958,-21.7635794297468],[-57.1963558299576,-21.7731394137529],[-57.1993358297847,-21.7729694167052],[-57.2098658297442,-21.7690594225543],[-57.2123058298501,-21.768789420895],[-57.2235758297607,-21.7712694192483],[-57.2262458296813,-21.7721694139872],[-57.2448658303937,-21.776619412356],[-57.246885830017,-21.7758294118978],[-57.2504358300495,-21.7717694117289],[-57.2564458302108,-21.7667394207876],[-57.2699558299975,-21.7624894226487],[-57.2981858296123,-21.7666994234396],[-57.3217158301214,-21.7630094241455],[-57.3551658303388,-21.7689394233157],[-57.3663858297422,-21.7692494241216],[-57.3798158303363,-21.7677294205763],[-57.3816458301908,-21.7670494215935],[-57.3834758300455,-21.7655394284018],[-57.3912158299465,-21.7542194351788],[-57.3926158297567,-21.7529294440386],[-57.3942558298426,-21.7521194336649],[-57.3989658303088,-21.7511594433536],[-57.4053858295923,-21.7486894418642],[-57.4169158298017,-21.7497194399002],[-57.4223958298036,-21.7486794432017],[-57.4285158296418,-21.7485694399277],[-57.4414058296153,-21.7433694456434],[-57.4748458302708,-21.7447594422944],[-57.4800258299281,-21.7441394505751],[-57.4905958299336,-21.7446494417183],[-57.4955258297532,-21.7456994487705],[-57.5520158303663,-21.7481094402984],[-57.5734258302378,-21.7450494457752],[-57.5803358296348,-21.7446594430788],[-57.586565830049,-21.7426894457612],[-57.5902958302883,-21.7422694551712],[-57.591205829985,-21.7412494468045],[-57.5926758303253,-21.7372094511552],[-57.5936958296987,-21.7361094543878],[-57.6152758302154,-21.7245394703203],[-57.6174958300684,-21.722649471296],[-57.6194758296458,-21.7193494720005],[-57.62090582994,-21.7179794753724],[-57.63030582995,-21.7120394802378],[-57.6323458295963,-21.7112194873894],[-57.6345758299106,-21.7107794832865],[-57.681185829962,-21.714179477301],[-57.790045830051,-21.7055094893714],[-57.7946958304482,-21.7056494922302],[-57.8388762841132,-21.7020949650106]]},"properties":{"OBJECTID":61,"descript":"CBV","IDUSCO":8002126298,"LEN":44104,"NAM":"MS-195","ACC_LBL":"Aproximada","HCT_LBL":"Ruta primaria","RST_LBL":"No pavimentado","TUC_LBL":"General","TYP_LBL":"Informaci\u00f3n no disponible","WTC_LBL":"Todo el a\u00f1o","ZPP_LBL":"BRA","OBS":"Oficial - Validada","Secundaria":"0","Intervencion":0,"Carriles":2,"Shape__Length":111422.91156106141}},{"type":"Feature","id":62,"geometry":null,"properties":{"OBJECTID":62,"descript":"CBV","IDUSCO":null,"LEN":null,"NAM":null,"ACC_LBL":null,"HCT_LBL":"Ruta primaria","RST_LBL":null,"TUC_LBL":null,"TYP_LBL":null,"WTC_LBL":null,"ZPP_LBL":null,"OBS":null,"Secundaria":"0","Intervencion":0,"Carriles":2,"Shape__Length":null}},{"type":"Feature","id":63,"geometry":null,"properties":{"OBJECTID":63,"descript":"CBV","IDUSCO":null,"LEN":null,"NAM":null,"ACC_LBL":null,"HCT_LBL":"Ruta primaria","RST_LBL":null,"TUC_LBL":null,"TYP_LBL":null,"WTC_LBL":null,"ZPP_LBL":null,"OBS":null,"Secundaria":"0","Intervencion":0,"Carriles":2,"Shape__Length":null}},{"type":"Feature","id":64,"geometry":{"type":"LineString","coordinates":[[-60.5973823192386,-22.0342937288725],[-60.5973067213281,-22.0342802822092],[-60.5908257938752,-22.0386200012121]]},"properties":{"OBJECTID":64,"descript":"CBV","IDUSCO":8008000046,"LEN":4631,"NAM":"MCAL. ESTIGARRIBIA(PICADA 500) - INFANTE RIVAROLA","ACC_LBL":"Aproximada","HCT_LBL":"Ruta primaria","RST_LBL":"Suelo natural","TUC_LBL":"General","TYP_LBL":"Rodera","WTC_LBL":"Informaci\u00f3n no disponible","ZPP_LBL":"PRY","OBS":"Oficial - Validada","Secundaria":"0","Intervencion":0,"Carriles":2,"Shape__Length":898.5760663705793}},{"type":"Feature","id":65,"geometry":{"type":"LineString","coordinates":[[-62.5185749248928,-22.3017852058226],[-62.5195637780459,-22.3030503019298]]},"properties":{"OBJECTID":65,"descript":"CBV","IDUSCO":null,"LEN":null,"NAM":null,"ACC_LBL":null,"HCT_LBL":"Ruta primaria","RST_LBL":null,"TUC_LBL":null,"TYP_LBL":null,"WTC_LBL":null,"ZPP_LBL":null,"OBS":null,"Secundaria":"0","Intervencion":1,"Carriles":2,"Shape__Length":187.84888257715755}},{"type":"Feature","id":66,"geometry":{"type":"LineString","coordinates":[[-62.1047987031976,-22.0724723077507],[-62.1108657941211,-22.0735699995558],[-62.132675793553,-22.0821200008373],[-62.1481897049908,-22.0906171642507],[-62.1492406437407,-22.0910250850396],[-62.2389341332037,-22.1261321670658],[-62.2980641332531,-22.1475819709312],[-62.3258641328234,-22.1572818795551],[-62.34097413265,-22.1624518346844],[-62.3802041332141,-22.1750817201452],[-62.3838041328544,-22.1808116687235],[-62.3935841333011,-22.1933615567904],[-62.3963341333136,-22.1947915408969],[-62.4026941334275,-22.1989015056],[-62.4268941333575,-22.2153813563644],[-62.433414132756,-22.2207813068118],[-62.4464641329134,-22.2307912198389],[-62.4629941325731,-22.244731091067],[-62.4806941331277,-22.2617709352804],[-62.4825341334434,-22.2647709081509],[-62.4827641332581,-22.2666308896038],[-62.4876641325936,-22.2691608695784],[-62.4954541330018,-22.2766108021468],[-62.5159841327615,-22.2984706006376],[-62.5185749248928,-22.3017852058226]]},"properties":{"OBJECTID":66,"descript":"CBV","IDUSCO":8008000050,"LEN":1268,"NAM":"SIN NOMBRE","ACC_LBL":"Aproximada","HCT_LBL":"Ruta primaria","RST_LBL":"Suelo natural","TUC_LBL":"General","TYP_LBL":"Rodera","WTC_LBL":"Informaci\u00f3n no disponible","ZPP_LBL":"PRY","OBS":"Oficial - Validada","Secundaria":"0","Intervencion":1,"Carriles":2,"Shape__Length":54986.19854177661}},{"type":"Feature","id":67,"geometry":{"type":"LineString","coordinates":[[-60.5973067213281,-22.0342802822092],[-60.5980143816583,-22.033806415034],[-60.5980657941011,-22.033769997887],[-60.6182957944154,-22.0781199980394],[-60.686565794176,-22.0779299982708],[-60.6893257937503,-22.075420001232],[-60.6915957941106,-22.0740300000844],[-60.6948957943054,-22.0737300024376],[-60.7322557940696,-22.07419999983],[-60.8024857942839,-22.0744199991836],[-60.8040857943239,-22.0748199996432],[-60.8179157935789,-22.0743199990687],[-60.8331057943968,-22.0743499977541],[-60.8332657936814,-22.0776600002088],[-60.8351857940891,-22.0776899997936],[-60.9919857944088,-22.0777400003007],[-61.218785794229,-22.0759899996388],[-61.2198457936484,-22.0765999989907],[-61.2346957940756,-22.0765700003053],[-61.2403057937773,-22.0764799979535],[-61.2419357943014,-22.0758900004232],[-61.4851557941046,-22.075779999847],[-61.5743357940616,-22.075380001186],[-61.6684957943454,-22.075460001278],[-61.6705757940376,-22.0761799967094],[-61.6765957937608,-22.0761999994304],[-61.8370557937898,-22.076109997978],[-61.8375757943874,-22.0760199992235],[-61.8381757941775,-22.0753000001948],[-62.0424757942225,-22.0750600017176],[-62.085885794194,-22.0745799957701],[-62.0977657943559,-22.0716500036447],[-62.103735793572,-22.0722800003217],[-62.1047987031976,-22.0724723077507]]},"properties":{"OBJECTID":67,"descript":"CBV","IDUSCO":8008016175,"LEN":68186,"NAM":"ESTIGARRIBIA - FN TROCHE - FN GRAL DIAZ","ACC_LBL":"Aproximada","HCT_LBL":"Ruta primaria","RST_LBL":"Suelo natural","TUC_LBL":"General","TYP_LBL":"Rodera","WTC_LBL":"Informaci\u00f3n no disponible","ZPP_LBL":"PRY","OBS":"Oficial - Validada","Secundaria":"0","Intervencion":1,"Carriles":2,"Shape__Length":172075.2733594399}},{"type":"Feature","id":68,"geometry":{"type":"LineString","coordinates":[[-58.676109033605,-22.0797616717637],[-58.9012576641099,-22.0787667068181],[-58.9527560784302,-22.0752670562296],[-59.088711888243,-22.0771759670972],[-59.2699644963644,-22.0768897551581]]},"properties":{"OBJECTID":68,"descript":"CBV","IDUSCO":8008000051,"LEN":62855,"NAM":"FILADELFIA - PUERTO CASASO","ACC_LBL":"Aproximada","HCT_LBL":"Ruta primaria","RST_LBL":"Suelo natural","TUC_LBL":"General","TYP_LBL":"Rodera","WTC_LBL":"Todo el a\u00f1o","ZPP_LBL":"PRY","OBS":"Oficial - Validada","Secundaria":"0","Intervencion":0,"Carriles":2,"Shape__Length":66125.13323593537}},{"type":"Feature","id":69,"geometry":{"type":"LineString","coordinates":[[-58.4987093882277,-21.6910492110522],[-58.4987374866457,-21.6910492587163],[-58.5189174873521,-21.7396591783284],[-58.5206774866766,-21.7417091748385],[-58.5357274873336,-21.75567915357],[-58.5526274869689,-21.7728291233653],[-58.5534974866197,-21.773969121078],[-58.5707574866686,-21.8073590681664],[-58.5720274867791,-21.8084490599761],[-58.5767774872912,-21.8106890598522],[-58.5952974869894,-21.831059028851],[-58.6091374867056,-21.8474889987183],[-58.6751474865672,-21.9572188122983],[-58.6752103545742,-21.9572207962028],[-58.6799861521392,-21.9651429079188],[-58.6715747453782,-22.0391519493029],[-58.6664248999891,-22.0800392816875],[-58.6752507269395,-22.080000279889]]},"properties":{"OBJECTID":69,"descript":"CBV","IDUSCO":8008016200,"LEN":73193,"NAM":"PUERTO ESPERANZA - KM160","ACC_LBL":"Aproximada","HCT_LBL":"Ruta primaria","RST_LBL":"Suelo natural","TUC_LBL":"General","TYP_LBL":"Rodera","WTC_LBL":"Informaci\u00f3n no disponible","ZPP_LBL":"PRY","OBS":"Oficial - Validada","Secundaria":"0","Intervencion":0,"Carriles":2,"Shape__Length":53841.685776965955}},{"type":"Feature","id":70,"geometry":{"type":"LineString","coordinates":[[-69.5857171689122,-22.2791517340652],[-69.718739999951,-22.2835800003167],[-69.7209500002423,-22.2835099997866],[-69.8409499996427,-22.2685099996367],[-69.848659999959,-22.2652500003871],[-69.9820699999305,-22.2042100003912],[-69.9900700001303,-22.2000799996922],[-69.9920000000999,-22.1986300002742],[-69.9946900000434,-22.1983099999065],[-69.9987300001893,-22.195559999894],[-70.0044899996137,-22.192519999998],[-70.0063200003677,-22.1906199996133],[-70.0153700004252,-22.1703799997372],[-70.022359999914,-22.1598600002388],[-70.0619700000154,-22.1371899998186],[-70.0684399998061,-22.1341800004067],[-70.0770900003033,-22.1291499995728],[-70.0819600000539,-22.1237299996398],[-70.0845099998366,-22.1198400001159],[-70.0898200000929,-22.1178300000544],[-70.0921499996227,-22.1143800001369],[-70.0932299999645,-22.11419999993],[-70.0950500002573,-22.1148900002733],[-70.0961400001609,-22.1147500001124],[-70.0975500004321,-22.1140799997921],[-70.0986400003357,-22.112659999959],[-70.0993400002408,-22.1108799997122],[-70.1022800000219,-22.1089499997427],[-70.1037100003162,-22.1059299998696],[-70.1078899997237,-22.1026000000899],[-70.110019999923,-22.1021099999764],[-70.114759999974,-22.0991399997111],[-70.1190099999116,-22.1003899997986],[-70.1204000001599,-22.0982900000834],[-70.1237000003547,-22.0985300003592],[-70.1243000001448,-22.0981699999455],[-70.1251899998186,-22.0965200002977],[-70.1267600002737,-22.0966900000434],[-70.1272300003642,-22.09539999991],[-70.1298499997776,-22.0958999995853],[-70.1301599996842,-22.0945599998441],[-70.1316999996552,-22.095419999933],[-70.1331099999265,-22.097019999973],[-70.1344899997137,-22.0960399997462],[-70.135920000008,-22.0959500000924],[-70.1378200003927,-22.0950499999575],[-70.1389300003192,-22.0932200001029],[-70.1395500001324,-22.0927700000354],[-70.1407800001968,-22.0928700001504],[-70.1421700004451,-22.0937100002163],[-70.1426700001203,-22.0936900001933],[-70.1433099999565,-22.0927700000354],[-70.1430499996577,-22.0900400000459],[-70.1457999996702,-22.0889100000964],[-70.1461499996228,-22.0884600000289],[-70.1453200000179,-22.0873799996872],[-70.1455400002708,-22.0867100002663],[-70.1481700001453,-22.0878000001698],[-70.1486899998436,-22.0877000000549],[-70.1497100001164,-22.0861800001069],[-70.1503899999985,-22.0858900002233],[-70.158539999921,-22.086859999989],[-70.1589800004267,-22.0865500000824],[-70.1590399995962,-22.0858799997622],[-70.1566599995593,-22.0841799996073],[-70.157019999973,-22.0832499998875],[-70.1574500000174,-22.0830099996118],[-70.1613599995643,-22.0824200002828],[-70.1645700001054,-22.0834700001403],[-70.1668799996123,-22.0834100000714],[-70.1705499997826,-22.0839800002768],[-70.1722400003757,-22.0827199997282],[-70.1746299999745,-22.0829100003962],[-70.1762999996452,-22.0823400001908],[-70.1797100004162,-22.082859999889],[-70.1831200002877,-22.0825999995903],[-70.1861099996767,-22.0808800003117],[-70.1875100003862,-22.0773799998871],[-70.1899600000539,-22.0753699998256],[-70.1920399997462,-22.0745699998056]]},"properties":{"OBJECTID":70,"descript":"CBV","IDUSCO":8004000633,"LEN":16187,"NAM":"B-180","ACC_LBL":"Precisa","HCT_LBL":"Ruta primaria","RST_LBL":"Pavimentado","TUC_LBL":"General","TYP_LBL":"Carretera","WTC_LBL":"Informaci\u00f3n no disponible","ZPP_LBL":"CHL","OBS":"Oficial - Validada","Secundaria":"0","Intervencion":0,"Carriles":2,"Shape__Length":78178.97145587605}},{"type":"Feature","id":71,"geometry":{"type":"LineString","coordinates":[[-68.8995607601209,-22.4656654831755],[-68.900159999984,-22.4643499998526],[-68.8989699999655,-22.4567900001583],[-68.8975500001324,-22.4510699998805],[-68.8976700002702,-22.4488799996122],[-68.8984399998061,-22.4467300002892],[-68.8999500001923,-22.4447499998126],[-68.9106800003817,-22.4349399997811],[-68.9122699999605,-22.4339599995543],[-68.9154000004096,-22.4329099996967],[-68.915739999901,-22.4325500001824],[-68.9154599995793,-22.4186300003742],[-68.9156799998321,-22.4169900002883],[-68.9169899999885,-22.4151900000184],[-68.9282100002912,-22.4048200002427],[-68.9293200002178,-22.4027199996282],[-68.9303399995913,-22.3949700001654],[-68.9317099998166,-22.3906200001128],[-68.9315800001169,-22.3893000003947],[-68.9296999997551,-22.3848700002503],[-68.9295999996402,-22.3808500001273],[-68.9298900004231,-22.3747300002892],[-68.9315499996328,-22.3659999997002],[-68.9315899996787,-22.3636500001474],[-68.9311399996113,-22.3619499999925],[-68.9291899996188,-22.3578800002617],[-68.9229000000349,-22.3526300000744],[-68.9222600001988,-22.3514600000789],[-68.9255927815815,-22.3507727300774],[-68.9286826866566,-22.3372770519943],[-68.9273900002483,-22.3288299997047],[-68.9321300002993,-22.3285500002822],[-68.9390900002033,-22.3305600003437],[-68.9457299997397,-22.3303800001369],[-68.9505099998366,-22.3288099996817],[-68.9596699995708,-22.3247300003891],[-68.9626999999051,-22.3224100004212],[-68.9675600000939,-22.3201499996227],[-68.9694799996022,-22.3198199996932],[-68.9706699996207,-22.320039999946],[-68.9716600003087,-22.3196600004087],[-68.9730400000959,-22.3197900001083],[-68.974499999975,-22.3193600000639],[-68.9780900000534,-22.3193899996487],[-68.9974899998635,-22.3155000001249],[-69.0103599998141,-22.3186299996747],[-69.0119500002922,-22.3195200002478],[-69.0166399998361,-22.3198500001773],[-69.0185200001978,-22.3220299999845],[-69.0194499999175,-22.32239999996],[-69.0216000001399,-22.3225000000749],[-69.0232099997417,-22.3230199997731],[-69.0256000002398,-22.3226299997746],[-69.0287299997896,-22.3226800002818],[-69.0320999996152,-22.3211800003567],[-69.0338399998161,-22.320900000035],[-69.0356099996018,-22.3218800002618],[-69.0367200004276,-22.3219899999385],[-69.044960000004,-22.3176100003012],[-69.0552400001259,-22.3159199997082],[-69.0569099997966,-22.315319999918],[-69.0661200000379,-22.3088599996892],[-69.0734499999175,-22.3057399997012],[-69.0786299995748,-22.2991499997726],[-69.0812800003717,-22.2969800004266],[-69.1006800001818,-22.2911300004491],[-69.3671799997571,-22.2715899995788],[-69.4265700001054,-22.2714799999021],[-69.4379400001309,-22.2719499999924],[-69.4649100000964,-22.2751300000495],[-69.5857171689122,-22.2791517340652]]},"properties":{"OBJECTID":71,"descript":"CBV","IDUSCO":8004000593,"LEN":2904,"NAM":"Ruta 24","ACC_LBL":"Precisa","HCT_LBL":"Ruta primaria","RST_LBL":"Pavimentado","TUC_LBL":"General","TYP_LBL":"Carretera","WTC_LBL":"Informaci\u00f3n no disponible","ZPP_LBL":"CHL","OBS":"Oficial - Validada","Secundaria":"0","Intervencion":0,"Carriles":2,"Shape__Length":94109.76468586757}},{"type":"Feature","id":72,"geometry":{"type":"LineString","coordinates":[[-67.9853880283348,-23.489351016736],[-67.9802999996452,-23.5029400003807],[-67.9736400000859,-23.5152099996417],[-67.9678999997851,-23.5325499997826],[-67.964919999958,-23.5373600003637],[-67.9627400001509,-23.5389899999885],[-67.9447200001279,-23.5466299997746],[-67.9400800001918,-23.5491299999495],[-67.9387500000125,-23.5530200003727],[-67.936699999905,-23.5564300002443],[-67.9362000002298,-23.5657100001164],[-67.9355800004166,-23.5668499996277],[-67.9103499997527,-23.5714100003712],[-67.9092100002413,-23.5722100003912],[-67.9083999997601,-23.5744999998751],[-67.9074900000634,-23.5752199998031],[-67.8993299996797,-23.5763299997296],[-67.896839999966,-23.5781599995843],[-67.8922400000759,-23.5848299996048],[-67.8912100002413,-23.5869100001963]]},"properties":{"OBJECTID":72,"descript":"CBV","IDUSCO":8004000597,"LEN":7421,"NAM":"Ruta 23 CH","ACC_LBL":"Precisa","HCT_LBL":"Ruta primaria","RST_LBL":"Pavimentado","TUC_LBL":"General","TYP_LBL":"Carretera","WTC_LBL":"Informaci\u00f3n no disponible","ZPP_LBL":"CHL","OBS":"Oficial - Validada","Secundaria":"0","Intervencion":0,"Carriles":2,"Shape__Length":17611.099954613914}},{"type":"Feature","id":73,"geometry":{"type":"LineString","coordinates":[[-68.1917530840375,-22.9141475183932],[-68.1900399996462,-22.9178700003002],[-68.1056900002932,-23.0749700000654],[-68.0931700002952,-23.094059999969],[-68.0832899997337,-23.1150100002113],[-68.08080000002,-23.1179799995773],[-68.0419200003078,-23.1560299996847],[-68.0229299996197,-23.1752999997951],[-68.0206099996517,-23.1771899997187],[-68.0138700000005,-23.1812899999335],[-68.0112299996647,-23.1838700002003],[-68.0105099997367,-23.1841400000609],[-68.0073299996797,-23.1841899996687],[-68.0041000000149,-23.1869599997042],[-68.0032100003412,-23.1898899999235],[-68.0035099997866,-23.1922200003527],[-68.0046700002203,-23.1930600004187],[-68.0100199996232,-23.1937699998855],[-68.0110100003112,-23.1943600001139],[-68.0151200000879,-23.2027100002663],[-68.0155300001094,-23.2045600001438],[-68.0023300002293,-23.2733400000409],[-68.0014500001174,-23.2753999997102],[-67.996939999881,-23.2807999996202],[-67.9961900003682,-23.2827800000969],[-67.9986299995748,-23.4361800001069],[-67.9874999998251,-23.4837100003162],[-67.9853880283348,-23.489351016736]]},"properties":{"OBJECTID":73,"descript":"CBV","IDUSCO":8004000597,"LEN":7421,"NAM":"Ruta 23 CH","ACC_LBL":"Precisa","HCT_LBL":"Ruta primaria","RST_LBL":"Pavimentado","TUC_LBL":"General","TYP_LBL":"Carretera","WTC_LBL":"Informaci\u00f3n no disponible","ZPP_LBL":"CHL","OBS":"Oficial - Validada","Secundaria":"0","Intervencion":0,"Carriles":2,"Shape__Length":77594.4032875581}},{"type":"Feature","id":74,"geometry":{"type":"LineString","coordinates":[[-68.1915114299085,-22.9137341881822],[-68.1918900004231,-22.9138500001773],[-68.1917530840375,-22.9141475183932]]},"properties":{"OBJECTID":74,"descript":"CBV","IDUSCO":null,"LEN":null,"NAM":null,"ACC_LBL":null,"HCT_LBL":"Ruta primaria","RST_LBL":null,"TUC_LBL":null,"TYP_LBL":null,"WTC_LBL":null,"ZPP_LBL":null,"OBS":null,"Secundaria":"0","Intervencion":0,"Carriles":2,"Shape__Length":83.4596511253618}},{"type":"Feature","id":75,"geometry":{"type":"LineString","coordinates":[[-68.1873518963729,-22.9128052262801],[-68.1888499996277,-22.9129199995583],[-68.1915114299085,-22.9137341881822]]},"properties":{"OBJECTID":75,"descript":"CBV","IDUSCO":null,"LEN":null,"NAM":null,"ACC_LBL":null,"HCT_LBL":"Ruta primaria","RST_LBL":null,"TUC_LBL":null,"TYP_LBL":null,"WTC_LBL":null,"ZPP_LBL":null,"OBS":null,"Secundaria":"0","Intervencion":0,"Carriles":2,"Shape__Length":479.52623340161415}},{"type":"Feature","id":76,"geometry":null,"properties":{"OBJECTID":76,"descript":"CBV","IDUSCO":null,"LEN":null,"NAM":null,"ACC_LBL":null,"HCT_LBL":"Ruta primaria","RST_LBL":null,"TUC_LBL":null,"TYP_LBL":null,"WTC_LBL":null,"ZPP_LBL":null,"OBS":null,"Secundaria":"0","Intervencion":0,"Carriles":2,"Shape__Length":null}},{"type":"Feature","id":77,"geometry":{"type":"LineString","coordinates":[[-67.8063109647792,-22.9210140508577],[-67.8076899995938,-22.9206099998516],[-67.8088599995893,-22.921140000011],[-67.8101600001838,-22.9231100000264],[-67.8109699997656,-22.9237200002777],[-67.8119200004077,-22.9237800003467],[-67.8136599997092,-22.9230299999345],[-67.8184799998521,-22.9240900002533],[-67.8205600004436,-22.9230000003497],[-67.8233600000639,-22.9227899996587],[-67.8257200000779,-22.921920000008],[-67.8276000004396,-22.9217399998011],[-67.829499999925,-22.9221800003067],[-67.8328099996817,-22.9213699998256],[-67.8390299996348,-22.9210100003112],[-67.8415600002937,-22.9216100001014],[-67.8442999998451,-22.9231399996112],[-67.8501899998686,-22.9233199998181],[-67.8513199998181,-22.9244000001598],[-67.8531099996267,-22.9252699998106],[-67.8541499999225,-22.9279300001694],[-67.8550100000115,-22.9290899997037],[-67.8561500004221,-22.9297600000239],[-67.8575100001863,-22.9300400003457],[-67.8619400003307,-22.9295999998401],[-67.8641400001608,-22.9287599997741],[-67.8666299998745,-22.9284800003517],[-67.8908499998276,-22.9184599996293],[-67.8941999996302,-22.9173299996797],[-67.9029399997812,-22.9166000001898],[-67.9113799995873,-22.9152600004486],[-67.9150899998036,-22.9158400002158],[-67.9192300000644,-22.9152000003797],[-67.9224399997062,-22.9142600001988],[-67.9245400003207,-22.9140799999919],[-67.9316299999245,-22.9120200003227],[-67.9348799996122,-22.9118499996777],[-67.9407499996128,-22.9121999996302],[-67.9457000003547,-22.9096699998706],[-67.9547899995588,-22.9088600002887],[-67.9638700001004,-22.9085700004052],[-67.9718999998851,-22.9087899997587],[-67.9866100001514,-22.910099999915],[-67.9910200002727,-22.9107900002583],[-68.0033699996258,-22.9104800003517],[-68.0165300003592,-22.9118099996317],[-68.0353900004481,-22.9154999998251],[-68.0602799998221,-22.9216999997552],[-68.0670499999575,-22.9229600003037],[-68.069840000016,-22.9242399999759],[-68.0724400003057,-22.9247100000664],[-68.0813599997641,-22.9240399997461],[-68.0868399997661,-22.9227800000969],[-68.1208899997736,-22.9183899999985],[-68.1863700003752,-22.9127299997896],[-68.1873518963729,-22.9128052262801],[-68.1888103314316,-22.9129169607491]]},"properties":{"OBJECTID":77,"descript":"CBV","IDUSCO":8004000585,"LEN":155827,"NAM":"Ruta 27 CH","ACC_LBL":"Precisa","HCT_LBL":"Ruta primaria","RST_LBL":"Pavimentado","TUC_LBL":"General","TYP_LBL":"Carretera","WTC_LBL":"Informaci\u00f3n no disponible","ZPP_LBL":"CHL","OBS":"Oficial - Validada","Secundaria":"0","Intervencion":0,"Carriles":2,"Shape__Length":44148.2461687309}},{"type":"Feature","id":78,"geometry":{"type":"LineString","coordinates":[[-67.0628499998276,-23.2265800002668],[-67.064159999984,-23.2260700001303],[-67.0668400003657,-23.2259900000385],[-67.0678599997391,-23.2236100000014],[-67.0683899998986,-23.2232600000489],[-67.0701199996382,-23.2239700004151],[-67.0725900002283,-23.2239300003692],[-67.0740100000614,-23.2252500000874],[-67.0758900004232,-23.2245900002283],[-67.0798100004311,-23.227819999893],[-67.083719999978,-23.2297800003467],[-67.0886899998436,-23.2290099999115],[-67.0924699996907,-23.2303400000909],[-67.0936100001014,-23.2304000001598],[-67.1006999997052,-23.2283399995912],[-67.1027800002967,-23.2265699998056],[-67.1038999997851,-23.2260500001074],[-67.1532500002872,-23.2104700001903],[-67.1759300002693,-23.2029699996657],[-67.1868599997891,-23.1985299999595],[-67.192479999952,-23.1946700000204],[-67.1973400001409,-23.1923700000754],[-67.1991299999495,-23.1921600002838],[-67.2064300002443,-23.1927200000279],[-67.2203100000065,-23.1913600002637],[-67.2233699999255,-23.1909300002193],[-67.2266799996822,-23.1897600002238],[-67.2290999997651,-23.1897899998086],[-67.2331100003262,-23.188759999974],[-67.2435200001478,-23.1892999996952],[-67.2461099999765,-23.1908100000814],[-67.2499600003537,-23.1909900002883],[-67.2549900002882,-23.1925799998671],[-67.2672999995953,-23.1932100001413],[-67.2721300001993,-23.194979999927],[-67.2741600002838,-23.1953499999025],[-67.2811699997956,-23.1947399996512],[-67.2846999998051,-23.1954200004327],[-67.2871700003952,-23.1954599995793],[-67.2942899995838,-23.1944800002518],[-67.3020100003612,-23.1954299999945],[-67.3037299996398,-23.1960000001998],[-67.3053800001868,-23.1974899996637],[-67.3108299997047,-23.1985400004206],[-67.3148099997816,-23.1980900003532],[-67.3195899998785,-23.1969200003577],[-67.3214599997791,-23.1969699999655],[-67.322419999983,-23.1972999998951],[-67.328619999913,-23.2012900004331],[-67.3295499996327,-23.2015699998556],[-67.3382299997147,-23.2001900000684],[-67.3491400001109,-23.1997400000009],[-67.35919999998,-23.1984000002598],[-67.3662500004371,-23.1982200000529],[-67.373239999926,-23.1969899999885],[-67.3747300002892,-23.1959800001768],[-67.3783000003447,-23.1910199998731],[-67.3816100001014,-23.1881800002068],[-67.3844600002288,-23.1823799998371],[-67.3872900003332,-23.1795899997786],[-67.3939899999385,-23.1739800000769],[-67.3949300001194,-23.1737700002852],[-67.3978600003387,-23.1743199995683],[-67.3992099996418,-23.1740400001459],[-67.4002200003527,-23.1733299997796],[-67.4018400004156,-23.1712999996952],[-67.4023699996757,-23.1701200001378],[-67.4023800001369,-23.1689900001883],[-67.4006900004431,-23.1622600000989],[-67.4018299999545,-23.1583899996987],[-67.4034900000634,-23.1554600003787],[-67.4047899997586,-23.1544299996447],[-67.4062099995918,-23.1539999996003],[-67.4137399997012,-23.1539599995543],[-67.4151299999495,-23.1536000000399],[-67.4157899998086,-23.1529299997197],[-67.4180699997307,-23.1483099998066],[-67.4187400000509,-23.1478100001314],[-67.421759999924,-23.1467899998586],[-67.424099999915,-23.1438199995932],[-67.4246300000744,-23.1426600000589],[-67.4246100000514,-23.1372600001489],[-67.4252000002797,-23.1327800003967],[-67.4256700003702,-23.1317000000549],[-67.4288800000119,-23.1273500000025],[-67.4302799998221,-23.1189500002423],[-67.4429899995887,-23.099519999948],[-67.4478000001698,-23.0944900000134],[-67.4695100003862,-23.0754000001099],[-67.4751000000649,-23.0678600004386],[-67.4805299995598,-23.0645899998286],[-67.4860800000919,-23.0604100004211],[-67.4966300000744,-23.0567400002508],[-67.5011499998726,-23.0544299998446],[-67.5036199995633,-23.0520099997617],[-67.5047500004122,-23.0495800001169],[-67.5052199996032,-23.04939999991],[-67.5057299997396,-23.0496600002088],[-67.5058200002927,-23.0501900003682],[-67.5048600000889,-23.0517199998781],[-67.5048099995818,-23.0534499996177],[-67.5067700000354,-23.0548599998891],[-67.5089000002348,-23.0569999996502],[-67.5108900002733,-23.0580100003612],[-67.5098799995623,-23.0590400001958],[-67.5079100004461,-23.0639200004076],[-67.5074499999175,-23.066639999936],[-67.5080099996617,-23.0684899998136],[-67.5061700002453,-23.0694399995563],[-67.5049299997196,-23.0695900001783],[-67.5045700002053,-23.0700299997846],[-67.505519999948,-23.076039999946],[-67.5037300001393,-23.0820399996462],[-67.4983100002063,-23.0937100000164],[-67.4934000004097,-23.1024700001903],[-67.4935900001783,-23.1037400003007],[-67.4952900003332,-23.1052800002718],[-67.4955899997786,-23.1060000001998],[-67.4941000003147,-23.1106499996977],[-67.4934900000634,-23.1145499996827],[-67.4952799998721,-23.1189900002883],[-67.4958199995933,-23.1225499998826],[-67.4965299999595,-23.1247400001508],[-67.4979800002768,-23.1263600002138],[-67.4987000002048,-23.1279000001848],[-67.5002000001298,-23.1298300001544],[-67.5036300000244,-23.1312400004256],[-67.5071499995728,-23.1341800002068],[-67.5140100002612,-23.1367999996202],[-67.5159200002078,-23.1366099998515],[-67.5214800003017,-23.1294000001099],[-67.5350999997651,-23.1211300000494],[-67.5474299999944,-23.1101999996303],[-67.5636200001628,-23.0995899995788],[-67.5741500001224,-23.0951400003107],[-67.5840400002457,-23.0880699998306],[-67.5895800003167,-23.0872099997417],[-67.5942099997916,-23.0850800004416],[-67.5975099999865,-23.0821999998301],[-67.5997000002548,-23.078319999868],[-67.6042600000989,-23.0748899999735],[-67.613499999925,-23.0620600000689],[-67.6163799996372,-23.0552299998645],[-67.6132599996492,-23.0472600001489],[-67.6114400002558,-23.0310299999345],[-67.6116999996552,-23.0236500004471],[-67.6123600004137,-23.0214099996717],[-67.6190399999959,-23.0067699999355],[-67.6206600000589,-22.9999100001464],[-67.6225000003747,-22.9961199998381],[-67.6398500000774,-22.9858599997391],[-67.642439999906,-22.9853299995798],[-67.6465099996367,-22.9856699999705],[-67.6481099996767,-22.9849999996502],[-67.6537400003007,-22.9745400002208],[-67.654979999927,-22.9728200000429],[-67.6580900003532,-22.9700200004227],[-67.6650500002573,-22.9657400000009],[-67.6668600000889,-22.9622999996452],[-67.6688100000814,-22.9609900003882],[-67.6727300000894,-22.9567299999895],[-67.6779499997926,-22.953899999885],[-67.6806700002203,-22.9516100004012],[-67.6856200000629,-22.9484700003902],[-67.6892500001873,-22.9409400002808],[-67.6917300003392,-22.9371000003647],[-67.6990400001958,-22.9285400004207],[-67.706619999913,-22.921920000008],[-67.7130899997037,-22.9136899999934],[-67.7145299995598,-22.912540000021],[-67.7266000003897,-22.9058999995853],[-67.7289299999195,-22.9058700000005],[-67.730879999912,-22.9049600003037],[-67.7392300000644,-22.9027299999895],[-67.7579999996003,-22.9044300001444],[-67.7598900004231,-22.9057600003237],[-67.7617699998855,-22.9149099995968],[-67.7622599999989,-22.9155500003322],[-67.7631899997187,-22.9159299998695],[-67.7682500001374,-22.9171300003492],[-67.7718099997317,-22.9172100004411],[-67.7739300003692,-22.9176199995633],[-67.7842400000759,-22.9158099997317],[-67.7881600000839,-22.9142299997147],[-67.7914099997716,-22.9138399997162],[-67.7949300002193,-22.9149400000809],[-67.7995700001554,-22.9219100004461],[-67.8004500002672,-22.9224700001903],[-67.8014099995718,-22.9224500001673],[-67.8063109647792,-22.9210140508577]]},"properties":{"OBJECTID":78,"descript":"CBV","IDUSCO":8004000585,"LEN":155827,"NAM":"Ruta 27 CH","ACC_LBL":"Precisa","HCT_LBL":"Ruta primaria","RST_LBL":"Pavimentado","TUC_LBL":"General","TYP_LBL":"Carretera","WTC_LBL":"Informaci\u00f3n no disponible","ZPP_LBL":"CHL","OBS":"Oficial - Validada","Secundaria":"0","Intervencion":0,"Carriles":2,"Shape__Length":124538.6224436863}},{"type":"Feature","id":79,"geometry":{"type":"LineString","coordinates":[[-69.595562487119,-22.2794602276074],[-69.6046800001818,-22.2509700001653],[-69.6050100001113,-22.2480700004301],[-69.6007800001968,-22.2227100000664],[-69.5975299996098,-22.2125799996672],[-69.5940399996462,-22.1955500003322],[-69.5906299997746,-22.1848099996817],[-69.5822599995993,-22.1671799996572],[-69.5760799996922,-22.1520699998306],[-69.5753900002483,-22.1401699996457],[-69.5799100000464,-22.1181700004451],[-69.5877799996472,-22.0987899997586],[-69.5909199996582,-22.0935900000784],[-69.5949799998271,-22.0769099997966],[-69.5996500002473,-22.0691899999185],[-69.6095200003477,-22.0490300001343],[-69.6096100000015,-22.046919999958],[-69.605320000018,-21.9910100000115],[-69.6039600002538,-21.9878299999545],[-69.5875699998556,-21.9602899997836],[-69.5713999997102,-21.9417599996242],[-69.559019999873,-21.9152300001643],[-69.5583699995758,-21.9128500001274],[-69.5563299999295,-21.8917100001164],[-69.5541999997301,-21.8740400000459],[-69.5535100002862,-21.8709699996657],[-69.5224400001059,-21.8240400001458],[-69.5143999998601,-21.80119999998],[-69.5101800004066,-21.7915799997172],[-69.5086400004356,-21.7863899995988],[-69.5085899999285,-21.7844900001134],[-69.5138499996777,-21.7734099999715],[-69.5139200002078,-21.7722300004141],[-69.5133900000484,-21.7707099995668],[-69.5121800000069,-21.7689700002653],[-69.5098600000389,-21.767539999971],[-69.5016300000244,-21.7662000002298],[-69.4995300003092,-21.7655800004167],[-69.4982499997377,-21.7646099997517],[-69.4974200001329,-21.7627300002893],[-69.4971900003182,-21.7561600003837],[-69.4979999999001,-21.7537899999085],[-69.5041500002223,-21.7478100002313],[-69.5091299996497,-21.7449600001039],[-69.5143799998371,-21.7396000002398],[-69.5242000003297,-21.7243900002982],[-69.5337100000165,-21.6989200002578],[-69.5338999997851,-21.6975099999864],[-69.5329999996502,-21.6914399997561],[-69.5331599998341,-21.6895400002708],[-69.5321999996302,-21.6857099999165],[-69.5373899997487,-21.6762600002987],[-69.5374499998176,-21.6751900004181],[-69.5364800000519,-21.6715800003167],[-69.5368099999815,-21.6708299999045],[-69.538739999951,-21.6691800002567],[-69.5394599998791,-21.6680199998231],[-69.539539999971,-21.6664700002903],[-69.5404299996447,-21.6650699995808],[-69.5399999996002,-21.6631100000265],[-69.5405600002438,-21.6604099996217],[-69.5400199996233,-21.6598499998776],[-69.536460000029,-21.6586799998821],[-69.535619999963,-21.658779999997],[-69.5350400001958,-21.6581200001378],[-69.5348100003812,-21.6589099996967],[-69.5343099998066,-21.6588499996278]]},"properties":{"OBJECTID":79,"descript":"CBV","IDUSCO":8004000628,"LEN":1208803,"NAM":"Ruta 5","ACC_LBL":"Precisa","HCT_LBL":"Ruta primaria","RST_LBL":"Pavimentado","TUC_LBL":"General","TYP_LBL":"Carretera","WTC_LBL":"Informaci\u00f3n no disponible","ZPP_LBL":"CHL","OBS":"Oficial - Validada","Secundaria":"0","Intervencion":0,"Carriles":2,"Shape__Length":82236.67219459217}},{"type":"Feature","id":80,"geometry":{"type":"LineString","coordinates":[[-69.5478700001004,-21.6337899996087],[-69.5484800003517,-21.6338099996318],[-69.5529899996887,-21.623539999971],[-69.5543300003292,-21.6221200001378],[-69.5590900004032,-21.6190099997117],[-69.5644199997831,-21.6133900004481],[-69.5671000001648,-21.6090900000035],[-69.5674100000714,-21.6062300003142],[-69.5665999995903,-21.6045199996982],[-69.5649099998965,-21.6032499995878],[-69.5634200004326,-21.6029300001194],[-69.5563099999065,-21.6033200001179],[-69.5546499997976,-21.603139999911],[-69.5518399997162,-21.6021300000994],[-69.5494199996332,-21.6001899996687],[-69.5481700004451,-21.5983599998141],[-69.5401500002223,-21.5778999996852],[-69.5162099996917,-21.4649600003037],[-69.5033199997182,-21.4461200002378],[-69.5026399998361,-21.4446000002897],[-69.5000999996153,-21.3888699996507],[-69.5002999998451,-21.3854700002403],[-69.5382200002527,-21.24319999998],[-69.5958700004002,-21.0796899995938],[-69.5971300000494,-21.0739300001694],[-69.6023899997986,-21.061579999917],[-69.6112999996952,-21.0525299998596],[-69.6172899998336,-21.0479099999465],[-69.6221399995613,-21.0433399996412],[-69.6339399996313,-21.0283800004366],[-69.6426599997591,-21.0218299996547],[-69.6439400003307,-21.0202499996377],[-69.644379999937,-21.0180299997846],[-69.6444499995678,-21.0021300003992],[-69.6456000004396,-20.9899699999155],[-69.6460699996308,-20.9878199996932],[-69.6474500003172,-20.9853599995643],[-69.662359999914,-20.9664299998446],[-69.6659200004077,-20.9630100004112],[-69.6698600004386,-20.9545899997287],[-69.6824599996293,-20.9249200002578],[-69.6916400002858,-20.8699600000539],[-69.6927700002353,-20.8677899998086],[-69.7075300001094,-20.845539999871],[-69.708579999967,-20.8420400003457],[-69.7084199997831,-20.8396200002628],[-69.7075999997402,-20.8374000004097],[-69.6576199998631,-20.7404900001134],[-69.6135999996403,-20.6377899999085],[-69.6130700003802,-20.635920000008],[-69.6131300004491,-20.6338200002928],[-69.7483500002523,-20.3330300004341],[-69.785259999949,-20.2645999995902],[-69.7857799996472,-20.2624100002213],[-69.7858700002003,-20.2534800003018],[-69.7893299996797,-20.2105299999595]]},"properties":{"OBJECTID":80,"descript":"CBV","IDUSCO":8004000628,"LEN":1208803,"NAM":"Ruta 5","ACC_LBL":"Precisa","HCT_LBL":"Ruta primaria","RST_LBL":"Pavimentado","TUC_LBL":"General","TYP_LBL":"Carretera","WTC_LBL":"Informaci\u00f3n no disponible","ZPP_LBL":"CHL","OBS":"Oficial - Validada","Secundaria":"0","Intervencion":0,"Carriles":2,"Shape__Length":184442.92207944847}},{"type":"Feature","id":81,"geometry":{"type":"LineString","coordinates":[[-69.7893299996797,-20.2105299999595],[-69.7896700000704,-20.2119699998156],[-69.7904999996752,-20.212540000021],[-69.7980499998076,-20.2131799998571],[-69.8015700002553,-20.2137900001084],[-69.8153499999025,-20.2180400000459],[-69.8183499997526,-20.2185900002283],[-69.8206400001359,-20.2182499998376],[-69.8224499999675,-20.2173299996797],[-69.8235700003552,-20.2163300003292],[-69.8263600004137,-20.2123500002523],[-69.8279099999465,-20.2111899998186],[-69.8301499998226,-20.2104299998446],[-69.8447799999969,-20.2107300001893],[-69.8532999998951,-20.2091900002183],[-69.8655000004246,-20.2091199996882],[-69.8721899995688,-20.210899999935],[-69.8820799996922,-20.2143099998066],[-69.8917300004391,-20.2135099997866],[-69.9078500000774,-20.2168399995663],[-69.9145099996367,-20.2157200000779],[-69.9196900001933,-20.2154599997791],[-69.9224800002518,-20.2158400002158],[-69.9281999996302,-20.2188299996048],[-69.9329599997042,-20.2240399997462],[-69.9349400001808,-20.2254399995563],[-69.9789600004037,-20.2396300001243],[-69.9859899999385,-20.2404599997292],[-69.996579999967,-20.2394000003097],[-70.0015800003167,-20.2409899998885],[-70.0040700000304,-20.2411399996112],[-70.0069400001808,-20.2401400002607],[-70.0116899997936,-20.236699999905],[-70.0170499996577,-20.2356900000934],[-70.0192500003872,-20.2357399997012],[-70.0205700001054,-20.2363600004136],[-70.0215100002862,-20.2372599996492],[-70.0307700001354,-20.2540600000689],[-70.0317900004081,-20.258700000005],[-70.0343899997986,-20.2614599995792],[-70.0358000000699,-20.265719999978],[-70.0369399995813,-20.2678100001314],[-70.0376299999245,-20.2723899999984],[-70.0409100000964,-20.2758700004002],[-70.0421400001608,-20.2762699999605],[-70.043539999971,-20.2761400002607],[-70.0486700000204,-20.2730899999035],[-70.049779999947,-20.2718300002543],[-70.0530699996807,-20.2653500000025],[-70.0547099997667,-20.2639199997082],[-70.0743600003137,-20.2600900002533],[-70.0762399997761,-20.2609300003192],[-70.0805099997366,-20.2648900003732],[-70.0920500004071,-20.2691499998725],[-70.0932000003797,-20.2705200000979],[-70.0970200002728,-20.2782300004142],[-70.0977099997167,-20.2789100002962],[-70.1065799995673,-20.2806899996437],[-70.1077699995858,-20.2802000004297],[-70.1103400002908,-20.2769099997966],[-70.1117899997087,-20.2735300004092],[-70.1115100002863,-20.2697400001008],[-70.1120799995923,-20.2635899997786],[-70.1129300001194,-20.2623300001293],[-70.1128700000504,-20.2606400004356],[-70.1140200000229,-20.257859999939],[-70.1136199995633,-20.2559599995543],[-70.1145399997212,-20.2537199996782],[-70.1145500001823,-20.2519600003537],[-70.1149899997886,-20.2513999997102],[-70.1177300002393,-20.2502499997377],[-70.12179999997,-20.246059999869],[-70.1240300002842,-20.2430300004342],[-70.1244800003517,-20.2381399997611],[-70.1268699999505,-20.2306299996747],[-70.1277900001084,-20.2285400004207],[-70.1309599997042,-20.2235600000939],[-70.1313899997486,-20.2223000004447],[-70.1320400000459,-20.2186100002513],[-70.1310700002803,-20.2135400002708]]},"properties":{"OBJECTID":81,"descript":"CBV","IDUSCO":8004000628,"LEN":1208803,"NAM":"Ruta 5","ACC_LBL":"Precisa","HCT_LBL":"Ruta primaria","RST_LBL":"Pavimentado","TUC_LBL":"General","TYP_LBL":"Carretera","WTC_LBL":"Informaci\u00f3n no disponible","ZPP_LBL":"CHL","OBS":"Oficial - Validada","Secundaria":"0","Intervencion":0,"Carriles":2,"Shape__Length":50855.52719119131}},{"type":"Feature","id":82,"geometry":{"type":"LineString","coordinates":[[-67.8910856267003,-23.5872031117342],[-67.8912100002413,-23.5869100001963]]},"properties":{"OBJECTID":82,"descript":"CBV","IDUSCO":null,"LEN":null,"NAM":null,"ACC_LBL":null,"HCT_LBL":"Ruta primaria","RST_LBL":null,"TUC_LBL":null,"TYP_LBL":null,"WTC_LBL":null,"ZPP_LBL":null,"OBS":null,"Secundaria":"0","Intervencion":0,"Carriles":2,"Shape__Length":38.20085802954037}},{"type":"Feature","id":83,"geometry":{"type":"LineString","coordinates":[[-67.6858699999005,-23.9134300003942],[-67.6979399998311,-23.9099799995773],[-67.698859999989,-23.9101700002453],[-67.7048399996662,-23.9138499999775],[-67.7064500001673,-23.9136899997936],[-67.7071100000264,-23.9127200000279],[-67.7082300004142,-23.9080600000689],[-67.7087599996742,-23.9037900001084],[-67.7124800003517,-23.8979200001079],[-67.7135900002783,-23.8928599996892],[-67.7142500001374,-23.8917899998086],[-67.7215300004091,-23.8873799996872],[-67.7327299997896,-23.8824400003057],[-67.73479999992,-23.8824800003517],[-67.7549900001883,-23.8852700004102],[-67.7681200004376,-23.8827900002582],[-67.7882099996917,-23.8842700001603],[-67.7930699998806,-23.8838099996318],[-67.8038699997007,-23.8918200002927],[-67.8146700004202,-23.8960100001613],[-67.8157299998396,-23.8961500003222],[-67.8168399997662,-23.8958900000234],[-67.8182900000834,-23.8945500002823],[-67.8231900003182,-23.8815400001708],[-67.8244200003826,-23.8810399995963],[-67.8271700003951,-23.8818599996392],[-67.8288600000889,-23.8815200001478],[-67.8299400004306,-23.8807600001738],[-67.8313400002408,-23.8779700001154],[-67.8355300001094,-23.8763500000524],[-67.8366200000129,-23.8752499996877],[-67.8368899998736,-23.8739999996002],[-67.8366600000589,-23.8677999996702],[-67.8359899997387,-23.8637600004236],[-67.8368000002198,-23.8618100004312],[-67.8370199995733,-23.8592399997262],[-67.8386599996592,-23.8562500003372],[-67.8398400001159,-23.8489999996502],[-67.840479999952,-23.8474300000944],[-67.8444100004211,-23.8448000002198],[-67.8462699998606,-23.8410699999804],[-67.8470299998346,-23.8403599996142],[-67.8577800000469,-23.8353400001408],[-67.8635400003707,-23.8346800002818],[-67.8648800001119,-23.8337099996168],[-67.8703299996297,-23.8229499998426],[-67.8716700002703,-23.8161599996842],[-67.8709500003422,-23.8152900000334],[-67.8682299999145,-23.814839999966],[-67.8668900001733,-23.8134800002018],[-67.8668700001504,-23.8060900002533],[-67.8665499997826,-23.8049899998886],[-67.8614100001713,-23.8005900002283],[-67.8560199998231,-23.7925400004206],[-67.8487000004047,-23.7617299996397],[-67.8415499998326,-23.7500299996847],[-67.8416400003857,-23.7466500002972],[-67.8410999997652,-23.742079999992],[-67.8391499997726,-23.7321200002378],[-67.8328099996817,-23.7183100001064],[-67.8183100001064,-23.6685899996288],[-67.8181200003377,-23.6664600003287],[-67.8191199996882,-23.6493000003947],[-67.8193700004251,-23.6482099995918],[-67.820059999869,-23.6472100002413],[-67.8259499998925,-23.6419499995928],[-67.8268900000734,-23.6414200003327],[-67.8287700004352,-23.6409999998501],[-67.8296099996018,-23.6404099996217],[-67.8306099998516,-23.6370500002573],[-67.8306000002897,-23.634859999989],[-67.832659999959,-23.6326400001358],[-67.8342800000219,-23.6286499995978],[-67.8354799996023,-23.6244999997751],[-67.8377900000085,-23.6222700003602],[-67.8386199996132,-23.6186699998206],[-67.8391299997497,-23.6181599996842],[-67.841320000018,-23.6182599997991],[-67.8438699998006,-23.6173500001024],[-67.8494000003097,-23.6199500003922],[-67.8510699999805,-23.6199300003692],[-67.8520799997921,-23.6188999996352],[-67.8519900001384,-23.617559999894],[-67.8494499999175,-23.6169699996657],[-67.8478000002698,-23.6158500001773],[-67.8491100004262,-23.6155800003167],[-67.8505900003282,-23.6160899995538],[-67.8510699999805,-23.6156600004087],[-67.8511500000724,-23.6138800001618],[-67.8519100000464,-23.6131600002338],[-67.8527700001354,-23.612919999958],[-67.8665000001748,-23.6136399998861],[-67.8681499998226,-23.6145899996287],[-67.8700199997232,-23.6177699996857],[-67.8711200000879,-23.6179200003077],[-67.8718899996238,-23.6173799996872],[-67.8723900001983,-23.6161600000839],[-67.8720600002687,-23.6144100003212],[-67.8726299995748,-23.6109400003807],[-67.8730500000574,-23.6102099999915],[-67.8740399998461,-23.60979999997],[-67.8747900002583,-23.6098800000619],[-67.8755700002553,-23.6104700002903],[-67.8758000000699,-23.6113900004481],[-67.8755999998401,-23.6128100002812],[-67.8759699998156,-23.6135500002323],[-67.8768000003197,-23.6139200002078],[-67.8776699999705,-23.613659999909],[-67.8786199997132,-23.6122200000529],[-67.879639999986,-23.6088100001814],[-67.8836299996248,-23.6024599996292],[-67.8852200001029,-23.6009700001653],[-67.8872799997721,-23.5974200001328],[-67.888280000022,-23.594059999869],[-67.8885000002747,-23.5913699999255],[-67.8896399997861,-23.5906099999515],[-67.8910856267003,-23.5872031117342]]},"properties":{"OBJECTID":83,"descript":"CBV","IDUSCO":8004000597,"LEN":7421,"NAM":"Ruta 23 CH","ACC_LBL":"Precisa","HCT_LBL":"Ruta primaria","RST_LBL":"Pavimentado","TUC_LBL":"General","TYP_LBL":"Carretera","WTC_LBL":"Informaci\u00f3n no disponible","ZPP_LBL":"CHL","OBS":"Oficial - Validada","Secundaria":"0","Intervencion":0,"Carriles":2,"Shape__Length":67795.08658520495}},{"type":"Feature","id":84,"geometry":{"type":"LineString","coordinates":[[-68.1918900004231,-22.9138500001773],[-68.1918900004231,-22.9138500001773],[-68.1946900000434,-22.9097499999625],[-68.1985799995673,-22.9102299996147],[-68.1992800003717,-22.9094499996177],[-68.2033500001024,-22.9098399996162],[-68.2048000004197,-22.908579999967],[-68.2153900004481,-22.903059999919],[-68.2175500002323,-22.901580000017],[-68.2190599997191,-22.9016899996937],[-68.2198799997622,-22.9020900001534],[-68.2286300003742,-22.9112699999105],[-68.2318499995778,-22.9149000000349],[-68.2318899996237,-22.917179999957],[-68.232539999921,-22.9178399998161],[-68.2352600003487,-22.9178300002542],[-68.2368200003427,-22.9173200001179],[-68.2392400004256,-22.9172400000259],[-68.2416100000015,-22.9158899998236],[-68.2459299995698,-22.9143699998755],[-68.2473900003482,-22.9133800000869],[-68.2533900000484,-22.9074099999715],[-68.2546499996977,-22.9065499998825],[-68.2750600002188,-22.8999900004382],[-68.2770300002343,-22.8988799996122],[-68.327219999903,-22.8501400002608],[-68.3274499997177,-22.8489300002193],[-68.3244200002828,-22.8410799997421],[-68.3244899999135,-22.8400099998615],[-68.3252400003257,-22.8393599995643],[-68.3335100003862,-22.8366400000359],[-68.3342900003832,-22.8360899998536],[-68.3352099996417,-22.8315300000094],[-68.3369699998656,-22.8277399997012],[-68.3424400003057,-22.8214399996562],[-68.3462099996917,-22.8125299997596],[-68.3544599997292,-22.7993699999255],[-68.3557800003467,-22.7982300004142],[-68.3658499997777,-22.7929800002268],[-68.367179999957,-22.7919500003922],[-68.368699999905,-22.7883200002677],[-68.3702199998531,-22.7787099995668],[-68.373480000002,-22.7709600001039],[-68.3747100000664,-22.7698900002233],[-68.3761000003148,-22.7696099999015],[-68.3832999995952,-22.7720500000074],[-68.3849599997042,-22.7717299996397],[-68.3857399997012,-22.7707300002892],[-68.3902099998916,-22.761419999933],[-68.3916400001858,-22.7602800004216],[-68.3965600004436,-22.7581999998301],[-68.3973700000254,-22.7572799996722],[-68.3972099998416,-22.7507099997666],[-68.389099999965,-22.7289600004037],[-68.3892499996877,-22.7273200003177],[-68.3903000004446,-22.7259500000924],[-68.4239499999925,-22.7109200003577],[-68.4278700000004,-22.7067600000739],[-68.4291499996727,-22.7065500002822],[-68.4311700001953,-22.7074700004401],[-68.4323600002138,-22.7076400001858],[-68.437539999871,-22.706679999982],[-68.4399199999081,-22.705859999939],[-68.4570399997961,-22.6966699997207],[-68.5028800003117,-22.6743500001523],[-68.634019999923,-22.6225299999595],[-68.6424599997292,-22.6194399995563],[-68.6988199997431,-22.5960199996233],[-68.727139999911,-22.5786800003817],[-68.7516299997247,-22.5647100000664],[-68.7878299999545,-22.5433699998256],[-68.7982500002373,-22.5355600002937],[-68.8031100004262,-22.5332400003257],[-68.8180400000459,-22.5294500000175],[-68.8267200001279,-22.5257700002853],[-68.8483599998141,-22.5100399997461],[-68.8537900002083,-22.5044100000214],[-68.8613000002948,-22.498499999975],[-68.8670999997651,-22.4944599998291],[-68.8816099998016,-22.4815400002708],[-68.8919667723486,-22.4750869338149]]},"properties":{"OBJECTID":84,"descript":"CBV","IDUSCO":8004000597,"LEN":7421,"NAM":"Ruta 23 CH","ACC_LBL":"Precisa","HCT_LBL":"Ruta primaria","RST_LBL":"Pavimentado","TUC_LBL":"General","TYP_LBL":"Carretera","WTC_LBL":"Informaci\u00f3n no disponible","ZPP_LBL":"CHL","OBS":"Oficial - Validada","Secundaria":"0","Intervencion":0,"Carriles":2,"Shape__Length":103573.58095373466}},{"type":"Feature","id":85,"geometry":{"type":"LineString","coordinates":[[-67.2608299998046,-23.8445700004052],[-67.2866499997976,-23.8353000000949],[-67.2964399998061,-23.8322299997147],[-67.297379999987,-23.8326100001514],[-67.2987700002353,-23.8344899996138],[-67.3002900001833,-23.8351700003952],[-67.3009300000194,-23.8350799998421],[-67.3023600003137,-23.8341300000994],[-67.302819999943,-23.8324499999675],[-67.3041799997072,-23.8300099998616],[-67.3054299997946,-23.8288199998431],[-67.309859999939,-23.8290899997037],[-67.3126299999745,-23.8282299996147],[-67.3141400003607,-23.8284099998216],[-67.3166900001434,-23.8273700004252],[-67.3195099997866,-23.8269200003577],[-67.3221999997302,-23.8251200000879],[-67.3273299997796,-23.8228499997277],[-67.3331999997801,-23.8214400003557],[-67.3403199998681,-23.8135400002707],[-67.3414699998406,-23.8117499995628],[-67.3459499995928,-23.8080699998306],[-67.3485400003207,-23.8072200002028],[-67.3530800001419,-23.8069900003882],[-67.3573199996183,-23.8120099998616],[-67.359939999931,-23.8130399996962],[-67.3636799997321,-23.8103499997526],[-67.3647600000739,-23.8090500000574],[-67.3664099997217,-23.8058099999315],[-67.3675700001554,-23.8049000002348],[-67.3683500001524,-23.8047299995898],[-67.3806099998516,-23.8101300003992],[-67.4023699996757,-23.8119000001849],[-67.4607599997742,-23.8323600003137],[-67.46559999994,-23.8324600004286],[-67.4661399996612,-23.8330099997117],[-67.4671700003952,-23.8365700002053],[-67.4668999996352,-23.8404700001903],[-67.4676799996323,-23.8411300000494],[-67.4719600000539,-23.843060000019],[-67.4741100002763,-23.8457099999165],[-67.4864900001133,-23.8555800000169],[-67.4888500001273,-23.8579600000539],[-67.4897199997781,-23.8620800002917],[-67.4891899996188,-23.8653099999565],[-67.4893800002868,-23.8662500001374],[-67.4949299999195,-23.8710199997731],[-67.4963600002138,-23.8714299997946],[-67.5009699996657,-23.8711900004182],[-67.5048400000659,-23.8677399996013],[-67.5103000000449,-23.8674000001099],[-67.5141800000069,-23.8663799998371],[-67.5167299997896,-23.8663500002523],[-67.5179799998771,-23.8670300001344],[-67.5183299998296,-23.8679399998311],[-67.5186500001973,-23.8724599996293],[-67.5191600003337,-23.8731299999495],[-67.5201500001224,-23.873559999994],[-67.5216000004396,-23.8734199998331],[-67.5245699998056,-23.8720200000229],[-67.5272300001643,-23.8696300004241],[-67.5283299996298,-23.8691099998266],[-67.5321700004451,-23.8684600004286],[-67.5362299997147,-23.8683800003367],[-67.5390199997731,-23.8693100000564],[-67.5408699996507,-23.8731000003647],[-67.5412999996952,-23.8750500003572],[-67.5401299996997,-23.8801099998765],[-67.5402800003217,-23.8836500003472],[-67.5426699999205,-23.9035400002708],[-67.5437100002163,-23.9085399997212],[-67.5523799998371,-23.9190200000729],[-67.5577300001394,-23.9239800003767],[-67.5583299999295,-23.9250900003032],[-67.5592999996952,-23.9293299997796],[-67.570540000021,-23.9517500003622],[-67.5719599998541,-23.9523900001983],[-67.5907700003352,-23.9578900002233],[-67.5927899999585,-23.9573499996028],[-67.597839999916,-23.9532199998031],[-67.6007999997202,-23.9513800003867],[-67.6026800000819,-23.9506900000434],[-67.6058899997237,-23.9508700002503],[-67.6083400002908,-23.9503299996297],[-67.6148399996662,-23.9460100000614],[-67.6233799995873,-23.9421900001684],[-67.6242599996992,-23.9412600004486],[-67.6259399998311,-23.9359599997541],[-67.6270299997346,-23.9350100000115],[-67.6461799997072,-23.9301400002607],[-67.6563100001064,-23.9265100001364],[-67.6606099996517,-23.9233700001254],[-67.6629699996657,-23.9199200002078],[-67.6642399997762,-23.9190400000959],[-67.6858699999005,-23.9134300003942]]},"properties":{"OBJECTID":85,"descript":"CBV","IDUSCO":8004000597,"LEN":7421,"NAM":"Ruta 23 CH","ACC_LBL":"Precisa","HCT_LBL":"Ruta primaria","RST_LBL":"Pavimentado","TUC_LBL":"General","TYP_LBL":"Carretera","WTC_LBL":"Informaci\u00f3n no disponible","ZPP_LBL":"CHL","OBS":"Oficial - Validada","Secundaria":"0","Intervencion":0,"Carriles":2,"Shape__Length":63985.53131730451}},{"type":"Feature","id":86,"geometry":null,"properties":{"OBJECTID":86,"descript":"CBV","IDUSCO":null,"LEN":null,"NAM":null,"ACC_LBL":null,"HCT_LBL":"Ruta primaria","RST_LBL":null,"TUC_LBL":null,"TYP_LBL":null,"WTC_LBL":null,"ZPP_LBL":null,"OBS":null,"Secundaria":"0","Intervencion":0,"Carriles":2,"Shape__Length":null}},{"type":"Feature","id":87,"geometry":{"type":"LineString","coordinates":[[-57.8854614637755,-21.6942376197703],[-57.8808939150221,-21.69763438342],[-57.8775465178575,-21.6987508701565],[-57.8707658940307,-21.6994686073903],[-57.8705290144025,-21.6996001080585],[-57.8597687583215,-21.7003554927118],[-57.847698806055,-21.7012028168565]]},"properties":{"OBJECTID":87,"descript":"CBV","IDUSCO":8002110521,"LEN":1800,"NAM":"BR-267","ACC_LBL":"Aproximada","HCT_LBL":"Ruta primaria","RST_LBL":"Pavimentado","TUC_LBL":"General","TYP_LBL":"Carretera","WTC_LBL":"Todo el a\u00f1o","ZPP_LBL":"BRA","OBS":"Oficial - Validada","Secundaria":"0","Intervencion":0,"Carriles":2,"Shape__Length":4386.280100759934}},{"type":"Feature","id":88,"geometry":{"type":"LineString","coordinates":[[-69.595562487119,-22.2795098683857],[-69.5952406215574,-22.2806118580508],[-69.5945968922327,-22.2828058845839],[-69.5941570104376,-22.2842056784493],[-69.5938566027,-22.2850594444378],[-69.5936956699192,-22.2859429869792],[-69.5932665170361,-22.2885141666954],[-69.5926120534035,-22.2927331813912],[-69.5920005036203,-22.2969123624155],[-69.5913996836484,-22.3003270864259],[-69.590949069344,-22.3038211351372],[-69.5904018948315,-22.3072753924454],[-69.5898439959037,-22.3109677821374],[-69.5892324488184,-22.3152357433348],[-69.5890178723769,-22.3168535643405],[-69.5885565318584,-22.3198062868306],[-69.5882775819448,-22.3213942809213],[-69.5878269712377,-22.3239747308491],[-69.5873119870585,-22.3280835030512],[-69.5865395098904,-22.3328471462787],[-69.5861103570073,-22.335467080941],[-69.5859386971131,-22.3365190107437],[-69.5852305943164,-22.3412823661882],[-69.5846941514139,-22.3451723216453],[-69.5840289633659,-22.3494392369312],[-69.5837070996029,-22.3506101362488],[-69.582805879088,-22.3576948523355],[-69.5822694370848,-22.3610088675651],[-69.5820548606433,-22.3623781078633],[-69.5814969617153,-22.3664460607371],[-69.5799949257252,-22.3757721391729],[-69.5789220444168,-22.3830738283944],[-69.5779779055559,-22.38876808378],[-69.5777418712903,-22.3906132093321],[-69.5766904469066,-22.397199915044],[-69.5761754627274,-22.4010089522013],[-69.5758321402411,-22.4033101932108],[-69.5743086473262,-22.4128520109115],[-69.5728924399341,-22.4222344822355],[-69.5714762316427,-22.4313981476064],[-69.5700600278479,-22.4407000396751],[-69.5687296562486,-22.4496443433118],[-69.5673992783539,-22.4579534980555],[-69.5660045296852,-22.4671742928593],[-69.5646097819159,-22.4760375747742],[-69.5632794049205,-22.4851778586712],[-69.5620134040953,-22.4934650573664],[-69.5614984199161,-22.4964784607124],[-69.56141258862,-22.4970335537554],[-69.5613696738713,-22.4977274175862],[-69.5613911316954,-22.498599698817],[-69.5614340473434,-22.4993530276201],[-69.561712997257,-22.500185649648],[-69.5624640130038,-22.5018112318028],[-69.5678069707151,-22.5116039666497],[-69.5730855549543,-22.5211383280713],[-69.5782353949475,-22.5304738314022],[-69.5833423192926,-22.5398483410281],[-69.5887496513753,-22.5496383743115],[-69.5940282401111,-22.5592691880225],[-69.599242452677,-22.5688398865515],[-69.604606867313,-22.5786872992794],[-69.609606505236,-22.5876623021734],[-69.6147563461284,-22.5970725436629],[-69.6190693372801,-22.6050756986845],[-69.6211292739968,-22.6086413109477],[-69.6215584268799,-22.609631742411],[-69.6217730042208,-22.6105231261413],[-69.6219232080895,-22.6112362282693],[-69.6220304963103,-22.6122068323794],[-69.6219446650142,-22.6130585811885],[-69.6211936483681,-22.6183274248707],[-69.6199491026689,-22.6274384817006],[-69.6184256097541,-22.6372520007791],[-69.61572194731,-22.6557086261521],[-69.6136405527693,-22.6692227682161],[-69.6124389227181,-22.6772019239296],[-69.6114947856558,-22.6834186107802],[-69.610400445624,-22.6908822238355],[-69.6100571231377,-22.6933963991245],[-69.6091773586481,-22.6988799127777],[-69.6078255283254,-22.7082033642938],[-69.606645355199,-22.7161604569395],[-69.6058085063574,-22.7216430586802],[-69.6052291487062,-22.7255618958648],[-69.6040275168564,-22.7334981871915],[-69.6028044289812,-22.7414933850117],[-69.6013667628658,-22.7507149892053],[-69.6000578463925,-22.7593423636591],[-69.5990707927828,-22.7663269753096],[-69.5977189606614,-22.7751116393906],[-69.5963027532694,-22.7841331390331],[-69.5948436311286,-22.7931144767517],[-69.5935990863287,-22.8015215856526],[-69.5932772207671,-22.8036974575716],[-69.5930841021495,-22.8045480165777],[-69.5931699334456,-22.8090974287033],[-69.5934488833593,-22.8174639907705],[-69.5936634615994,-22.8266606828442],[-69.5938351232923,-22.8354019105697],[-69.5940926171805,-22.8441821266038],[-69.5943715688928,-22.8537329312297],[-69.594564686611,-22.8620967476667],[-69.5946505170077,-22.8694319654128],[-69.594908008198,-22.8782099826046],[-69.5951011268155,-22.8870665061143],[-69.5952942490303,-22.8951317638198],[-69.5955517402206,-22.9034930333767],[-69.5955731980446,-22.9068927396082],[-69.5955731980446,-22.9090273955978],[-69.5957448588381,-22.9108062510076],[-69.5961096391485,-22.9114782559167],[-69.5968177428445,-22.9135535467587],[-69.5969035732413,-22.917704031316],[-69.5970537771101,-22.9227437349354],[-69.5970537771101,-22.9233168656808],[-69.5966675389757,-22.9238504694236],[-69.5962813008413,-22.9243445425665],[-69.5962169282686,-22.9247990887069],[-69.5963671330367,-22.9276844393853],[-69.5963456752127,-22.9300163886454],[-69.5963242173887,-22.9325063928557],[-69.5961954731425,-22.933000436321],[-69.5959165232289,-22.9332968609613],[-69.5951655047842,-22.9337513774241],[-69.5942857402947,-22.9342454163928],[-69.5937492991908,-22.9348382602774],[-69.5921399740805,-22.9370317589085],[-69.5909598018533,-22.9385731150572],[-69.5904233598501,-22.9392252215667],[-69.5900156638917,-22.9396006768298],[-69.5894577649639,-22.9399761302942],[-69.585252062033,-22.9455090041372],[-69.5795657791373,-22.9530373009306],[-69.5736220050514,-22.9609603290559],[-69.5675494858201,-22.9689224057444],[-69.5611336414044,-22.9774569189016],[-69.5592882811292,-22.9797880111078],[-69.5587947547741,-22.9805386932061],[-69.558108108902,-22.9819610267799],[-69.5577862442398,-22.9830080130093],[-69.5575716677982,-22.9839167113871],[-69.5575716677982,-22.9846081083775],[-69.5575072952254,-22.9854575333384],[-69.557400005206,-22.99270706368],[-69.55731417391,-22.9972304161507],[-69.557335631734,-23.0011808177405],[-69.5571210543931,-23.0103058041695],[-69.5569708514236,-23.0183044715741],[-69.5569064779515,-23.0209310917964],[-69.5569923083483,-23.0219777758536],[-69.5572498004379,-23.0229652062792],[-69.5577862406424,-23.0242291062882],[-69.5583655982937,-23.0254140008554],[-69.5626571334199,-23.032345431996],[-69.5681502932014,-23.0411128812544],[-69.5736434583789,-23.0500969511134],[-69.577849162209,-23.0569678812627],[-69.579136622657,-23.0589224776902],[-69.582484018023,-23.0644899610428],[-69.5879342630557,-23.0734329921388],[-69.5930197322748,-23.0814673923063],[-69.5986845546485,-23.0907251087767],[-69.6040060563344,-23.0993703338738],[-69.6080400993711,-23.1060808546477],[-69.6085550826509,-23.1069492526059],[-69.6096279666573,-23.1098307101191],[-69.6128680773998,-23.1190667376398],[-69.6158936090028,-23.1273944058272],[-69.6189191361092,-23.1360175390781],[-69.6221377818331,-23.1448966148868],[-69.6252491429336,-23.1536961843314],[-69.6278240638295,-23.1608380109654],[-69.6281673863158,-23.1617455123455],[-69.6300556640376,-23.1687882741595],[-69.6323087166739,-23.1775468228276],[-69.6333816006803,-23.1815116531403],[-69.6338322122867,-23.1824387363586]]},"properties":{"OBJECTID":88,"descript":"CBV","IDUSCO":8004000632,"LEN":568,"NAM":"B-180","ACC_LBL":"Precisa","HCT_LBL":"Ruta primaria","RST_LBL":"Pavimentado","TUC_LBL":"General","TYP_LBL":"Carretera","WTC_LBL":"Informaci\u00f3n no disponible","ZPP_LBL":"CHL","OBS":"Oficial - Validada","Secundaria":"0","Intervencion":0,"Carriles":2,"Shape__Length":114467.06469474328}},{"type":"Feature","id":90,"geometry":{"type":"LineString","coordinates":[[-54.5840273925501,-20.5836615794183],[-54.5890161486763,-20.5830518426683],[-54.5909562201534,-20.5821095222366],[-54.5932843059259,-20.5775642110195],[-54.5951689467894,-20.5722983027245],[-54.6024857886882,-20.5659792118711],[-54.6077516978825,-20.5639282791667],[-54.6126295918821,-20.5632076811895],[-54.6183943765992,-20.5643162934621],[-54.6311988492474,-20.5675866996664],[-54.6423404043861,-20.5704690915753],[-54.646885714704,-20.5698593548253],[-54.6530385137164,-20.5657574894166],[-54.6608542311378,-20.5601589965404],[-54.6683373648775,-20.5524541403463]]},"properties":{"OBJECTID":90,"descript":"CBV","IDUSCO":8002111335,"LEN":10500,"NAM":"BR-262","ACC_LBL":"Aproximada","HCT_LBL":"Ruta primaria","RST_LBL":"Pavimentado","TUC_LBL":"General","TYP_LBL":"Carretera","WTC_LBL":"Todo el a\u00f1o","ZPP_LBL":"BRA","OBS":"Oficial - Validada","Secundaria":"0","Intervencion":0,"Carriles":4,"Shape__Length":11460.786077076069}},{"type":"Feature","id":92,"geometry":{"type":"LineString","coordinates":[[-62.7194884873038,-22.2644485722438],[-62.7236599998091,-22.2577699998856],[-62.7545899998286,-22.2292300003642],[-62.7964139311579,-22.1912820094571]]},"properties":{"OBJECTID":92,"descript":"CBV","IDUSCO":8001069828,"LEN":22829,"NAM":"RP  54","ACC_LBL":"Exacta","HCT_LBL":"Ruta primaria","RST_LBL":"Pavimentado","TUC_LBL":"Informaci\u00f3n no disponible","TYP_LBL":"Carretera","WTC_LBL":"Informaci\u00f3n no disponible","ZPP_LBL":"ARG","OBS":"Oficial - Validada","Secundaria":"0","Intervencion":0,"Carriles":2,"Shape__Length":12308.635085629983}},{"type":"Feature","id":93,"geometry":{"type":"LineString","coordinates":[[-66.7921999446717,-24.0926989540934],[-66.7942800001219,-24.0893199997181],[-66.7981400000609,-24.0849000000349],[-66.8017999997701,-24.0813799995873],[-66.8164900000135,-24.0741200002378],[-66.8262300004142,-24.0680799995923],[-66.8295600001938,-24.0651700002952],[-66.8307399997511,-24.0611300001493],[-66.8328400003657,-24.0583699996757],[-66.8361500001224,-24.0557100002163],[-66.8649699999655,-24.0137699996857],[-66.8651700001953,-24.0128699995508],[-66.8646400000359,-24.0108800004117],[-66.8650199995733,-24.0094999997252],[-66.8667399997511,-24.0082099995918],[-66.8784799997521,-23.9952900000334],[-66.880280000022,-23.9909100003962],[-66.8840100002612,-23.9790799998421],[-66.8840500003072,-23.9784100004211],[-66.8831199996882,-23.9769800001268],[-66.8830900001034,-23.9761099995768],[-66.8870300001344,-23.9725999995903],[-66.8893999997102,-23.9719999998001],[-66.8950500003572,-23.9723899997986],[-66.9004900003132,-23.9719900002383],[-66.9062200001529,-23.9726300000744],[-66.9110499998576,-23.972180000007],[-66.9129999998501,-23.9712500002872],[-66.9158700000004,-23.9708699998506],[-66.9189000003347,-23.9724200002827],[-66.9218499996777,-23.9726300000744],[-66.9252900000334,-23.9737699995858],[-66.9281699997456,-23.9756000003397],[-66.9312000000799,-23.97839999996],[-66.9327800000969,-23.9787800003967],[-66.9358800000619,-23.980779999997],[-66.9395500002323,-23.9858799995623],[-66.9402199996532,-23.9859300000694],[-66.9424999995753,-23.9834499999175],[-66.94439999996,-23.9795800004167],[-66.949839999916,-23.9719799997771],[-66.9487999996202,-23.9659100004461],[-66.9493299997796,-23.9644099996218],[-66.9547600001738,-23.9574099996717],[-66.9556800003317,-23.9551099997267],[-66.96079999992,-23.9459000003847],[-66.9676399996862,-23.9383500002523],[-66.9720400002458,-23.931439999956],[-66.9774699997407,-23.9243500003522],[-66.9785799996672,-23.9218999997851],[-66.9815899999785,-23.9101500002223],[-66.9830299998346,-23.9065400001209],[-66.990519999898,-23.8996800003317],[-66.9937600000239,-23.8955400000709],[-66.9997399997012,-23.8861000000149],[-67.0021999998301,-23.8834700001403],[-67.0035599995942,-23.8826300000744],[-67.0049600003038,-23.882079999892],[-67.0074700000404,-23.8825299999595],[-67.0106900001434,-23.8811100001263],[-67.0129399995812,-23.8812300002643],[-67.0159000002848,-23.8825400004207],[-67.0167600003737,-23.8826100000514],[-67.1475000004247,-23.875119999988],[-67.1564500003672,-23.8743899995987],[-67.1583899998985,-23.8726100002513],[-67.1595300003092,-23.8721200001378],[-67.163539999971,-23.8733199997182],[-67.1658300003542,-23.8729400001808],[-67.1674899995638,-23.8733599997641],[-67.1692499997876,-23.8727300003892],[-67.1755200002478,-23.8715400003707],[-67.1781100000764,-23.8715099998866],[-67.1881899999685,-23.8677500000624],[-67.1989099996967,-23.8666600001588],[-67.2020400001459,-23.8656500003472],[-67.2037099998166,-23.8654900001633],[-67.2180399996462,-23.8591300000494],[-67.2319000002847,-23.8538199997931],[-67.2387800000969,-23.8518200001928],[-67.244099999915,-23.850779999897],[-67.2578000003697,-23.8456299998246]]},"properties":{"OBJECTID":93,"descript":"CBV","IDUSCO":8001069839,"LEN":11097,"NAM":"RN  51","ACC_LBL":"Exacta","HCT_LBL":"Ruta primaria","RST_LBL":"Consolidada","TUC_LBL":"Informaci\u00f3n no disponible","TYP_LBL":"Carretera","WTC_LBL":"Informaci\u00f3n no disponible","ZPP_LBL":"ARG","OBS":"Oficial - Validada","Secundaria":"0","Intervencion":1,"Carriles":2,"Shape__Length":69437.38435812468}},{"type":"Feature","id":94,"geometry":{"type":"LineString","coordinates":[[-70.396010096089,-23.6314577540721],[-70.3961299999995,-23.6286699996207]]},"properties":{"OBJECTID":94,"descript":"CBV","IDUSCO":8004000628,"LEN":1208803,"NAM":"Ruta 5","ACC_LBL":"Precisa","HCT_LBL":"Ruta primaria","RST_LBL":"Pavimentado","TUC_LBL":"General","TYP_LBL":"Carretera","WTC_LBL":"Informaci\u00f3n no disponible","ZPP_LBL":"CHL","OBS":"Oficial - Validada","Secundaria":"0","Intervencion":0,"Carriles":6,"Shape__Length":338.9962148249914}},{"type":"Feature","id":95,"geometry":{"type":"LineString","coordinates":[[-70.3940492754537,-23.6275189024753],[-70.394079999892,-23.6275199996482],[-70.3939908240173,-23.6314635753836]]},"properties":{"OBJECTID":95,"descript":"CBV","IDUSCO":8004000628,"LEN":1208803,"NAM":"Ruta 5","ACC_LBL":"Precisa","HCT_LBL":"Ruta primaria","RST_LBL":"Pavimentado","TUC_LBL":"General","TYP_LBL":"Carretera","WTC_LBL":"Informaci\u00f3n no disponible","ZPP_LBL":"CHL","OBS":"Oficial - Validada","Secundaria":"0","Intervencion":0,"Carriles":4,"Shape__Length":482.6979524980593}},{"type":"Feature","id":96,"geometry":{"type":"LineString","coordinates":[[-70.3939908240173,-23.6314635753836],[-70.3939900002383,-23.6314999997252],[-70.3960099998616,-23.6314599996792],[-70.396010096089,-23.6314577540721]]},"properties":{"OBJECTID":96,"descript":"CBV","IDUSCO":8004000628,"LEN":1208803,"NAM":"Ruta 5","ACC_LBL":"Precisa","HCT_LBL":"Ruta primaria","RST_LBL":"Pavimentado","TUC_LBL":"General","TYP_LBL":"Carretera","WTC_LBL":"Informaci\u00f3n no disponible","ZPP_LBL":"CHL","OBS":"Oficial - Validada","Secundaria":"0","Intervencion":0,"Carriles":2,"Shape__Length":229.61775397311538}},{"type":"Feature","id":97,"geometry":{"type":"LineString","coordinates":[[-70.3911930511184,-23.6280969021503],[-70.391840000016,-23.6274399995563],[-70.3940492754537,-23.6275189024753]]},"properties":{"OBJECTID":97,"descript":"CBV","IDUSCO":8004000628,"LEN":1208803,"NAM":"Ruta 5","ACC_LBL":"Precisa","HCT_LBL":"Ruta primaria","RST_LBL":"Pavimentado","TUC_LBL":"General","TYP_LBL":"Carretera","WTC_LBL":"Informaci\u00f3n no disponible","ZPP_LBL":"CHL","OBS":"Oficial - Validada","Secundaria":"0","Intervencion":0,"Carriles":2,"Shape__Length":353.62751016107296}},{"type":"Feature","id":98,"geometry":{"type":"LineString","coordinates":[[-70.3259858301819,-23.6264489106886],[-70.329939999931,-23.6257099998166],[-70.3323699995758,-23.6247899996587],[-70.3355600000939,-23.6245700003052],[-70.3406799996822,-23.62539999991],[-70.3472499995877,-23.6250099999115],[-70.3522400003757,-23.6256200001628],[-70.3533300002792,-23.6259199996083],[-70.3557500003622,-23.6275999997401],[-70.3600622774521,-23.6285428777516]]},"properties":{"OBJECTID":98,"descript":"CBV","IDUSCO":8004000628,"LEN":1208803,"NAM":"Ruta 5","ACC_LBL":"Precisa","HCT_LBL":"Ruta primaria","RST_LBL":"Pavimentado","TUC_LBL":"General","TYP_LBL":"Carretera","WTC_LBL":"Informaci\u00f3n no disponible","ZPP_LBL":"CHL","OBS":"Oficial - Validada","Secundaria":"0","Intervencion":0,"Carriles":3,"Shape__Length":3928.3765738006327}},{"type":"Feature","id":99,"geometry":{"type":"LineString","coordinates":[[-70.3601365344734,-23.6285591141118],[-70.3619700003152,-23.6289600004036],[-70.3632400004257,-23.6286400000359],[-70.3656000004397,-23.6269500003422],[-70.3685400002208,-23.626979999927],[-70.3700800001918,-23.6266200004126],[-70.3711700000954,-23.6269500003422],[-70.3726799995823,-23.6288499998276],[-70.3746099995518,-23.6291500001723],[-70.3911899997187,-23.6281000003147],[-70.3911930511184,-23.6280969021503]]},"properties":{"OBJECTID":99,"descript":"CBV","IDUSCO":8004000628,"LEN":1208803,"NAM":"Ruta 5","ACC_LBL":"Precisa","HCT_LBL":"Ruta primaria","RST_LBL":"Pavimentado","TUC_LBL":"General","TYP_LBL":"Carretera","WTC_LBL":"Informaci\u00f3n no disponible","ZPP_LBL":"CHL","OBS":"Oficial - Validada","Secundaria":"0","Intervencion":0,"Carriles":4,"Shape__Length":3675.9952468279516}},{"type":"Feature","id":100,"geometry":{"type":"LineString","coordinates":[[-70.3600622774521,-23.6285428777516],[-70.3601365344734,-23.6285591141118]]},"properties":{"OBJECTID":100,"descript":"CBV","IDUSCO":8004000628,"LEN":1208803,"NAM":"Ruta 5","ACC_LBL":"Precisa","HCT_LBL":"Ruta primaria","RST_LBL":"Pavimentado","TUC_LBL":"General","TYP_LBL":"Carretera","WTC_LBL":"Informaci\u00f3n no disponible","ZPP_LBL":"CHL","OBS":"Oficial - Validada","Secundaria":"0","Intervencion":0,"Carriles":4,"Shape__Length":8.498409491530504}},{"type":"Feature","id":101,"geometry":{"type":"LineString","coordinates":[[-70.3110944924168,-23.6244938241306],[-70.3157100002163,-23.6277399999011],[-70.3183299996297,-23.6285199998981],[-70.3205500003822,-23.6282799996223],[-70.3259799998771,-23.6264499997677],[-70.3259858301819,-23.6264489106886]]},"properties":{"OBJECTID":101,"descript":"CBV","IDUSCO":8004000628,"LEN":1208803,"NAM":"Ruta 5","ACC_LBL":"Precisa","HCT_LBL":"Ruta primaria","RST_LBL":"Pavimentado","TUC_LBL":"General","TYP_LBL":"Carretera","WTC_LBL":"Informaci\u00f3n no disponible","ZPP_LBL":"CHL","OBS":"Oficial - Validada","Secundaria":"0","Intervencion":0,"Carriles":3,"Shape__Length":1847.9714262953728}},{"type":"Feature","id":102,"geometry":{"type":"LineString","coordinates":[[-70.234275952773,-23.5425642511393],[-70.2602354079377,-23.5942711795713]]},"properties":{"OBJECTID":102,"descript":"CBV","IDUSCO":8004000628,"LEN":1208803,"NAM":"Ruta 5","ACC_LBL":"Precisa","HCT_LBL":"Ruta primaria","RST_LBL":"Pavimentado","TUC_LBL":"General","TYP_LBL":"Carretera","WTC_LBL":"Informaci\u00f3n no disponible","ZPP_LBL":"CHL","OBS":"Oficial - Validada","Secundaria":"0","Intervencion":0,"Carriles":4,"Shape__Length":6912.828593692332}},{"type":"Feature","id":103,"geometry":{"type":"LineString","coordinates":[[-68.8919667723486,-22.4750869338149],[-68.8920100000614,-22.4750600000189],[-68.8957200002778,-22.4720499997077],[-68.8976500002473,-22.4698600003387],[-68.8995607601209,-22.4656654831755]]},"properties":{"OBJECTID":103,"descript":"CBV","IDUSCO":8004000597,"LEN":7421,"NAM":"Ruta 23 CH","ACC_LBL":"Precisa","HCT_LBL":"Ruta primaria","RST_LBL":"Pavimentado","TUC_LBL":"General","TYP_LBL":"Carretera","WTC_LBL":"Informaci\u00f3n no disponible","ZPP_LBL":"CHL","OBS":"Oficial - Validada","Secundaria":"0","Intervencion":0,"Carriles":4,"Shape__Length":1443.8616627703466}},{"type":"Feature","id":104,"geometry":{"type":"LineString","coordinates":[[-70.2332600003487,-23.5339100004461],[-70.2332600003487,-23.5339100004461],[-70.2355800003167,-23.5328300001044],[-70.2458799995623,-23.5258799997621],[-70.2507015303513,-23.5247026496075]]},"properties":{"OBJECTID":104,"descript":"CBV","IDUSCO":8004000582,"LEN":408601,"NAM":"Ruta 1","ACC_LBL":"Precisa","HCT_LBL":"Ruta primaria","RST_LBL":"Pavimentado","TUC_LBL":"General","TYP_LBL":"Carretera","WTC_LBL":"Informaci\u00f3n no disponible","ZPP_LBL":"CHL","OBS":"Oficial - Validada","Secundaria":"0","Intervencion":0,"Carriles":2,"Shape__Length":2268.712925403282}},{"type":"Feature","id":105,"geometry":{"type":"LineString","coordinates":[[-70.2507015303513,-23.5247026496075],[-70.2519000001848,-23.5244100003212],[-70.2606000002897,-23.5206299995748],[-70.273680000032,-23.5106200002128],[-70.2782900003832,-23.5087300002892],[-70.2791699995958,-23.5072199999031],[-70.279079999942,-23.5045999995903],[-70.2795900000784,-23.5030900001034],[-70.2845300003592,-23.4982499999375],[-70.2858500000774,-23.4961300001993],[-70.2885299995598,-23.4912499999875],[-70.2889300000194,-23.4884700003902],[-70.2889332537666,-23.4884654956861]]},"properties":{"OBJECTID":105,"descript":"CBV","IDUSCO":8004000582,"LEN":408601,"NAM":"Ruta 1","ACC_LBL":"Precisa","HCT_LBL":"Ruta primaria","RST_LBL":"Pavimentado","TUC_LBL":"General","TYP_LBL":"Carretera","WTC_LBL":"Informaci\u00f3n no disponible","ZPP_LBL":"CHL","OBS":"Oficial - Validada","Secundaria":"0","Intervencion":0,"Carriles":3,"Shape__Length":6491.7003268866265}},{"type":"Feature","id":106,"geometry":{"type":"LineString","coordinates":[[-70.2889332537666,-23.4884654956861],[-70.2917899997087,-23.4845100003362],[-70.2927600003737,-23.4812100001413],[-70.2935899999785,-23.4803399995913],[-70.2955300004091,-23.4794000003098],[-70.2968500001274,-23.4782900003831],[-70.2990699999805,-23.4744899996138],[-70.2996792600898,-23.4738264492312]]},"properties":{"OBJECTID":106,"descript":"CBV","IDUSCO":8004000582,"LEN":408601,"NAM":"Ruta 1","ACC_LBL":"Precisa","HCT_LBL":"Ruta primaria","RST_LBL":"Pavimentado","TUC_LBL":"General","TYP_LBL":"Carretera","WTC_LBL":"Informaci\u00f3n no disponible","ZPP_LBL":"CHL","OBS":"Oficial - Validada","Secundaria":"0","Intervencion":0,"Carriles":2,"Shape__Length":2203.11248133433}},{"type":"Feature","id":107,"geometry":{"type":"LineString","coordinates":[[-70.2996792600898,-23.4738264492312],[-70.3010899996037,-23.4722899997836],[-70.3026299995748,-23.4683400001908],[-70.305619999863,-23.4652099997417],[-70.3085700001054,-23.4632100001414],[-70.3088500004271,-23.4624199996832],[-70.3083200002678,-23.4603300004291],[-70.3094500002173,-23.4558699998006],[-70.3104499995678,-23.448559999944],[-70.314319999968,-23.4427000004047],[-70.3158100003312,-23.4378000001698],[-70.3138400003157,-23.428179999907],[-70.3140100000614,-23.4242700003602],[-70.3135899995788,-23.4200200004227],[-70.3142700003602,-23.4084700001903],[-70.3150900004031,-23.4045999997901],[-70.3159400000309,-23.4033400001409],[-70.3173399998411,-23.4026000001898],[-70.3201800004067,-23.4022399997761],[-70.3215600001938,-23.4017000000549],[-70.3242599996992,-23.3995699998556],[-70.326019999923,-23.3972899999335],[-70.3267755482529,-23.3966868579121]]},"properties":{"OBJECTID":107,"descript":"CBV","IDUSCO":8004000582,"LEN":408601,"NAM":"Ruta 1","ACC_LBL":"Precisa","HCT_LBL":"Ruta primaria","RST_LBL":"Pavimentado","TUC_LBL":"General","TYP_LBL":"Carretera","WTC_LBL":"Informaci\u00f3n no disponible","ZPP_LBL":"CHL","OBS":"Oficial - Validada","Secundaria":"0","Intervencion":0,"Carriles":3,"Shape__Length":10679.604739867305}},{"type":"Feature","id":108,"geometry":{"type":"LineString","coordinates":[[-70.4300599998691,-23.3648899995738],[-70.4300599998691,-23.3648899995738],[-70.430159999984,-23.3637199995783],[-70.4281200003377,-23.3571899997187],[-70.4227200004277,-23.3312899996337],[-70.421479999902,-23.3236299998246],[-70.4202699998606,-23.3188600001888],[-70.4179400003307,-23.305339999941],[-70.4162200001529,-23.2925300000594],[-70.4153800000869,-23.289699999955],[-70.4070200003727,-23.274779999897],[-70.3911646001661,-23.2516366673983]]},"properties":{"OBJECTID":108,"descript":"CBV","IDUSCO":8004000582,"LEN":408601,"NAM":"Ruta 1","ACC_LBL":"Precisa","HCT_LBL":"Ruta primaria","RST_LBL":"Pavimentado","TUC_LBL":"General","TYP_LBL":"Carretera","WTC_LBL":"Informaci\u00f3n no disponible","ZPP_LBL":"CHL","OBS":"Oficial - Validada","Secundaria":"0","Intervencion":0,"Carriles":4,"Shape__Length":14622.021164614129}},{"type":"Feature","id":109,"geometry":{"type":"LineString","coordinates":[[-70.3309025065454,-23.0801179532809],[-70.3353500003022,-23.0793899997486],[-70.3387400001508,-23.0797300001394],[-70.3629899996887,-23.0872299997647],[-70.3780499999075,-23.0926899997436],[-70.3780499999075,-23.0926899997436],[-70.3866027414234,-23.0954266124481],[-70.4070304450989,-23.1003215216209],[-70.4142700406298,-23.1018435846137]]},"properties":{"OBJECTID":109,"descript":"CBV","IDUSCO":8004000582,"LEN":408601,"NAM":"Ruta 1","ACC_LBL":"Precisa","HCT_LBL":"Ruta primaria","RST_LBL":"Pavimentado","TUC_LBL":"General","TYP_LBL":"Carretera","WTC_LBL":"Informaci\u00f3n no disponible","ZPP_LBL":"CHL","OBS":"Oficial - Validada","Secundaria":"0","Intervencion":0,"Carriles":4,"Shape__Length":9717.058005676607}},{"type":"Feature","id":110,"geometry":{"type":"LineString","coordinates":[[-70.4142700406298,-23.1018435846137],[-70.4250548886722,-23.1041110066176],[-70.4295180845919,-23.1041110066176],[-70.4346679263837,-23.1025320678007],[-70.4368995238939,-23.1086898256749],[-70.4439376407095,-23.1086898256749]]},"properties":{"OBJECTID":110,"descript":"CBV","IDUSCO":8004000582,"LEN":408601,"NAM":"Ruta 1","ACC_LBL":"Precisa","HCT_LBL":"Ruta primaria","RST_LBL":"Pavimentado","TUC_LBL":"General","TYP_LBL":"Carretera","WTC_LBL":"Informaci\u00f3n no disponible","ZPP_LBL":"CHL","OBS":"Oficial - Validada","Secundaria":"0","Intervencion":0,"Carriles":2,"Shape__Length":3901.708706546459}},{"type":"Feature","id":111,"geometry":{"type":"LineString","coordinates":[[-54.6687258270352,-20.552701473694],[-54.6681058272221,-20.5526014717805],[-54.6681858273141,-20.5519814728667],[-54.668835826712,-20.5520314715751],[-54.6692158271487,-20.5530314673283],[-54.6825458267285,-20.5654514474263],[-54.7114758271476,-20.5791414168429],[-54.7335558273395,-20.6024613653997],[-54.7350458268034,-20.6035213666177],[-54.739195826626,-20.6054613607532],[-54.7405058267825,-20.6066713536001],[-54.7413358272865,-20.6080813511734],[-54.7415625095022,-20.6086199065834]]},"properties":{"OBJECTID":111,"descript":"CBV","IDUSCO":8002126205,"LEN":28214,"NAM":"MS-258","ACC_LBL":"Aproximada","HCT_LBL":"Ruta primaria","RST_LBL":"No pavimentado","TUC_LBL":"General","TYP_LBL":"Informaci\u00f3n no disponible","WTC_LBL":"Todo el a\u00f1o","ZPP_LBL":"BRA","OBS":"Oficial - Validada","Secundaria":"0","Intervencion":0,"Carriles":2,"Shape__Length":10940.470199142192}},{"type":"Feature","id":112,"geometry":{"type":"LineString","coordinates":[[-54.7415625095022,-20.6086199065834],[-54.7489746768399,-20.6262298625181]]},"properties":{"OBJECTID":112,"descript":"CBV","IDUSCO":8002126205,"LEN":28214,"NAM":"MS-258","ACC_LBL":"Aproximada","HCT_LBL":"Ruta primaria","RST_LBL":"No pavimentado","TUC_LBL":"General","TYP_LBL":"Informaci\u00f3n no disponible","WTC_LBL":"Todo el a\u00f1o","ZPP_LBL":"BRA","OBS":"Oficial - Validada","Secundaria":"0","Intervencion":0,"Carriles":3,"Shape__Length":2251.1455835049037}},{"type":"Feature","id":113,"geometry":{"type":"LineString","coordinates":[[-54.8692431625419,-20.896898164019],[-54.8710658266265,-20.8974507416584],[-54.9330958273105,-20.9014307327421],[-54.934875826658,-20.9019007292352],[-54.9363758265831,-20.9027507279637],[-54.9430858266496,-20.9082107135536],[-54.9439458267385,-20.9093407144024],[-54.9540207787359,-20.9245336838824]]},"properties":{"OBJECTID":113,"descript":"CBV","IDUSCO":8002126205,"LEN":28214,"NAM":"MS-258","ACC_LBL":"Aproximada","HCT_LBL":"Ruta primaria","RST_LBL":"No pavimentado","TUC_LBL":"General","TYP_LBL":"Informaci\u00f3n no disponible","WTC_LBL":"Todo el a\u00f1o","ZPP_LBL":"BRA","OBS":"Oficial - Validada","Secundaria":"0","Intervencion":0,"Carriles":2,"Shape__Length":10821.55895620346}},{"type":"Feature","id":114,"geometry":{"type":"LineString","coordinates":[[-54.9540207787359,-20.9245336838824],[-54.9650323350742,-20.9411390476289]]},"properties":{"OBJECTID":114,"descript":"CBV","IDUSCO":8002126205,"LEN":28214,"NAM":"MS-258","ACC_LBL":"Aproximada","HCT_LBL":"Ruta primaria","RST_LBL":"No pavimentado","TUC_LBL":"General","TYP_LBL":"Informaci\u00f3n no disponible","WTC_LBL":"Todo el a\u00f1o","ZPP_LBL":"BRA","OBS":"Oficial - Validada","Secundaria":"0","Intervencion":0,"Carriles":4,"Shape__Length":2327.985312877718}},{"type":"Feature","id":115,"geometry":{"type":"LineString","coordinates":[[-54.9650323350742,-20.9411390476289],[-54.9652058268874,-20.9414006442243],[-54.9673072070619,-20.9450184765215]]},"properties":{"OBJECTID":115,"descript":"CBV","IDUSCO":8002114439,"LEN":4400,"NAM":"BR-060","ACC_LBL":"Aproximada","HCT_LBL":"Ruta primaria","RST_LBL":"Pavimentado","TUC_LBL":"General","TYP_LBL":"Carretera","WTC_LBL":"Todo el a\u00f1o","ZPP_LBL":"BRA","OBS":"Oficial - Validada","Secundaria":"0","Intervencion":0,"Carriles":4,"Shape__Length":527.2632724576772}},{"type":"Feature","id":116,"geometry":{"type":"LineString","coordinates":[[-55.6407281284004,-21.1733646960238],[-55.6445458269283,-21.1707201523132],[-55.6461258269453,-21.170160149871],[-55.6475258267554,-21.1701701503321],[-55.6591358270567,-21.172140145851],[-55.6612958268409,-21.1716601479974],[-55.6623958272056,-21.1704901489012],[-55.6669858266346,-21.1614101726413],[-55.670745827358,-21.1498801940157],[-55.6775558266401,-21.14430020559],[-55.6795858267245,-21.1434902132027],[-55.748815826689,-21.1242102486041],[-55.7509358273266,-21.1246902536523],[-55.7666558274045,-21.1338702336244],[-55.8173058267025,-21.1489102014446],[-55.8232558267949,-21.1495601963459],[-55.8250258265806,-21.1494401953087],[-55.8250758270877,-21.1488802009604],[-55.8222758265681,-21.1414502135565],[-55.8224058271671,-21.1410602171552],[-55.8228558272346,-21.1410502175934],[-55.8240458272531,-21.1428702133896],[-55.8265458274279,-21.1448102084244],[-55.8426558266051,-21.1508001968716],[-55.844275826668,-21.1517901885663],[-55.8477813678159,-21.1549191763788]]},"properties":{"OBJECTID":116,"descript":"CBV","IDUSCO":8002114439,"LEN":4400,"NAM":"BR-060","ACC_LBL":"Aproximada","HCT_LBL":"Ruta primaria","RST_LBL":"Pavimentado","TUC_LBL":"General","TYP_LBL":"Carretera","WTC_LBL":"Todo el a\u00f1o","ZPP_LBL":"BRA","OBS":"Oficial - Validada","Secundaria":"0","Intervencion":0,"Carriles":2,"Shape__Length":28052.329505729107}},{"type":"Feature","id":117,"geometry":{"type":"LineString","coordinates":[[-55.6105008046683,-21.1928822525139],[-55.6179958274454,-21.1810601291216],[-55.6193158271636,-21.1796501297496],[-55.622835826712,-21.1769501383382],[-55.6245558268898,-21.1766601411525],[-55.6273758274324,-21.177630131925],[-55.6335558273395,-21.1772401373224],[-55.6363958270057,-21.176180140601],[-55.6376258270702,-21.1741901405625],[-55.6407058270123,-21.173380144578],[-55.6407281284004,-21.1733646960238]]},"properties":{"OBJECTID":117,"descript":"CBV","IDUSCO":8002114439,"LEN":4400,"NAM":"BR-060","ACC_LBL":"Aproximada","HCT_LBL":"Ruta primaria","RST_LBL":"Pavimentado","TUC_LBL":"General","TYP_LBL":"Carretera","WTC_LBL":"Todo el a\u00f1o","ZPP_LBL":"BRA","OBS":"Oficial - Validada","Secundaria":"0","Intervencion":0,"Carriles":3,"Shape__Length":4563.192058845886}},{"type":"Feature","id":118,"geometry":{"type":"LineString","coordinates":[[-56.1217701299875,-21.4595411398117],[-56.1258758274075,-21.4620695153958],[-56.1273158272636,-21.4634195146988],[-56.1390482540736,-21.4793597776316]]},"properties":{"OBJECTID":118,"descript":"CBV","IDUSCO":8002126302,"LEN":55425,"NAM":"MS-382","ACC_LBL":"Aproximada","HCT_LBL":"Ruta primaria","RST_LBL":"Informaci\u00f3n no disponible","TUC_LBL":"General","TYP_LBL":"Informaci\u00f3n no disponible","WTC_LBL":"Todo el a\u00f1o","ZPP_LBL":"BRA","OBS":"Oficial - Validada","Secundaria":"0","Intervencion":0,"Carriles":2,"Shape__Length":3086.7700232980987}},{"type":"Feature","id":119,"geometry":{"type":"LineString","coordinates":[[-56.0949491989463,-21.4430242423749],[-56.1217701299875,-21.4595411398117]]},"properties":{"OBJECTID":119,"descript":"CBV","IDUSCO":8002126302,"LEN":55425,"NAM":"MS-382","ACC_LBL":"Aproximada","HCT_LBL":"Ruta primaria","RST_LBL":"Informaci\u00f3n no disponible","TUC_LBL":"General","TYP_LBL":"Informaci\u00f3n no disponible","WTC_LBL":"Todo el a\u00f1o","ZPP_LBL":"BRA","OBS":"Oficial - Validada","Secundaria":"0","Intervencion":0,"Carriles":4,"Shape__Length":3580.07678139498}},{"type":"Feature","id":120,"geometry":{"type":"LineString","coordinates":[[-56.1390482540736,-21.4793597776316],[-56.1400858270992,-21.4807694757306],[-56.1416258270702,-21.4822194697527],[-56.1428258266506,-21.4827994749158],[-56.1445847683723,-21.483166446874]]},"properties":{"OBJECTID":120,"descript":"CBV","IDUSCO":8002126302,"LEN":55425,"NAM":"MS-382","ACC_LBL":"Aproximada","HCT_LBL":"Ruta primaria","RST_LBL":"Informaci\u00f3n no disponible","TUC_LBL":"General","TYP_LBL":"Informaci\u00f3n no disponible","WTC_LBL":"Todo el a\u00f1o","ZPP_LBL":"BRA","OBS":"Oficial - Validada","Secundaria":"0","Intervencion":0,"Carriles":4,"Shape__Length":799.4774745087451}},{"type":"Feature","id":121,"geometry":{"type":"LineString","coordinates":[[-56.1445847683723,-21.483166446874],[-56.1456058271472,-21.4833794728844],[-56.1484358272516,-21.4832194718011],[-56.1616458266935,-21.4796994803467],[-56.1663195952731,-21.4782782925092]]},"properties":{"OBJECTID":121,"descript":"CBV","IDUSCO":8002110969,"LEN":28800,"NAM":"BR-060","ACC_LBL":"Aproximada","HCT_LBL":"Ruta primaria","RST_LBL":"Pavimentado","TUC_LBL":"General","TYP_LBL":"Carretera","WTC_LBL":"Todo el a\u00f1o","ZPP_LBL":"BRA","OBS":"Oficial - Validada","Secundaria":"0","Intervencion":0,"Carriles":4,"Shape__Length":2509.0896263392733}},{"type":"Feature","id":122,"geometry":{"type":"LineString","coordinates":[[-57.9160522988744,-21.6714880338457],[-57.8854614637755,-21.6942376197703]]},"properties":{"OBJECTID":122,"descript":"CBV","IDUSCO":8002110521,"LEN":1800,"NAM":"BR-267","ACC_LBL":"Aproximada","HCT_LBL":"Ruta primaria","RST_LBL":"Pavimentado","TUC_LBL":"General","TYP_LBL":"Carretera","WTC_LBL":"Todo el a\u00f1o","ZPP_LBL":"BRA","OBS":"Oficial - Validada","Secundaria":"0","Intervencion":0,"Carriles":2,"Shape__Length":4361.6219937317}},{"type":"Feature","id":123,"geometry":{"type":"LineString","coordinates":[[-65.0790772683013,-24.5684503735858],[-65.0790772683013,-24.5722363458307],[-65.0790772683013,-24.5925687168727],[-65.0813946971076,-24.6036506163828],[-65.0568471199986,-24.650932754443],[-65.0523839213809,-24.6584213497654],[-65.0522499997377,-24.6699700001154],[-65.0522499997377,-24.6699700001154],[-65.0298100000314,-24.7237200002778],[-65.0289099998965,-24.7275699997557],[-65.0286352381257,-24.7324382584188]]},"properties":{"OBJECTID":123,"descript":"CBV","IDUSCO":8001069162,"LEN":3438,"NAM":"RP  1","ACC_LBL":"Exacta","HCT_LBL":"Ruta primaria","RST_LBL":"Consolidada","TUC_LBL":"Informaci\u00f3n no disponible","TYP_LBL":"Carretera","WTC_LBL":"Informaci\u00f3n no disponible","ZPP_LBL":"ARG","OBS":"Oficial - Validada","Secundaria":"0","Intervencion":0,"Carriles":2,"Shape__Length":21317.339665870542}},{"type":"Feature","id":124,"geometry":{"type":"LineString","coordinates":[[-65.3815787976234,-24.799829479347],[-65.3878531606948,-24.7994018121439],[-65.390041842557,-24.7984668220861],[-65.3911147265633,-24.79614879613],[-65.391415134301,-24.7957592071216],[-65.393882766976,-24.7953890974289],[-65.3956852107038,-24.7953890974289],[-65.3972730788894,-24.7962267133921],[-65.3979168091134,-24.7971422412214],[-65.3974876562303,-24.8013302068235],[-65.3965864330174,-24.8096764990711],[-65.3969726711518,-24.8113515322474],[-65.3983030463485,-24.8125591014213],[-65.4178295277105,-24.8229592851429],[-65.427539613962,-24.8281297456912]]},"properties":{"OBJECTID":124,"descript":"CBV","IDUSCO":8001069449,"LEN":2234,"NAM":"RP  108","ACC_LBL":"Exacta","HCT_LBL":"Ruta primaria","RST_LBL":"Consolidada","TUC_LBL":"Informaci\u00f3n no disponible","TYP_LBL":"Carretera","WTC_LBL":"Informaci\u00f3n no disponible","ZPP_LBL":"ARG","OBS":"Oficial - Validada","Secundaria":"0","Intervencion":0,"Carriles":4,"Shape__Length":7890.083510199358}},{"type":"Feature","id":125,"geometry":{"type":"LineString","coordinates":[[-64.9731539836694,-24.3691726950638],[-64.9769387454267,-24.3724647083795],[-64.977699999955,-24.3728699995508],[-65.0212399996262,-24.3763400003907],[-65.0311299997496,-24.3775699995558],[-65.0519799998771,-24.3792899997337],[-65.0788099996817,-24.3796700001703],[-65.0836699998706,-24.3790900004032],[-65.0902199997532,-24.3773799997872],[-65.0917500001623,-24.3764500000674],[-65.0956191830788,-24.3729098970741]]},"properties":{"OBJECTID":125,"descript":"CBV","IDUSCO":8001067207,"LEN":2659,"NAM":"RP  1","ACC_LBL":"Exacta","HCT_LBL":"Ruta primaria","RST_LBL":"Consolidada","TUC_LBL":"Informaci\u00f3n no disponible","TYP_LBL":"Carretera","WTC_LBL":"Informaci\u00f3n no disponible","ZPP_LBL":"ARG","OBS":"Oficial - Validada","Secundaria":"0","Intervencion":0,"Carriles":2,"Shape__Length":14094.20403857053}},{"type":"Feature","id":126,"geometry":{"type":"LineString","coordinates":[[-65.2749475648782,-24.2166292372494],[-65.2772399997262,-24.2159799995773],[-65.2843799998371,-24.2129100000964],[-65.288359999914,-24.2119299998695],[-65.2925299997597,-24.2102800002218],[-65.3011600002338,-24.2062499996377],[-65.3068200004426,-24.2031800001569],[-65.3097400002008,-24.2006300003742],[-65.315039999996,-24.1981300001993],[-65.3185200003977,-24.1954000002098],[-65.3194799997022,-24.193639999986],[-65.3198099996317,-24.1901799996073],[-65.3201700000454,-24.1893000003947],[-65.3208299999045,-24.1883200001678],[-65.3222000001298,-24.1872300002643],[-65.3236300004241,-24.1867099996667],[-65.3293000001948,-24.1857100003162],[-65.3341800004067,-24.1851600001339],[-65.3371800002568,-24.1835000000249],[-65.3500999998151,-24.1788299996048],[-65.3533700004251,-24.1779700004152],[-65.3573699996257,-24.1760599995693],[-65.3649999998501,-24.1731700002952],[-65.3664399997062,-24.1720800003916],[-65.3701899999685,-24.167719999878],[-65.3808099995818,-24.1610400002957],[-65.389339999941,-24.1524299998446],[-65.3901700004452,-24.1510300000344],[-65.394859999989,-24.138039999946],[-65.40259999989,-24.1294500004171],[-65.4033399998411,-24.1280400001459],[-65.4037499998626,-24.1248400000659],[-65.4046000003897,-24.1220299999845],[-65.4044200001828,-24.1203400002907],[-65.4052699998106,-24.117679999932],[-65.4050499995578,-24.1143300001294],[-65.4050509195642,-24.1143246365727]]},"properties":{"OBJECTID":126,"descript":"CBV","IDUSCO":8001066065,"LEN":3849,"NAM":"RP  30","ACC_LBL":"Exacta","HCT_LBL":"Ruta primaria","RST_LBL":"Consolidada","TUC_LBL":"Informaci\u00f3n no disponible","TYP_LBL":"Carretera","WTC_LBL":"Informaci\u00f3n no disponible","ZPP_LBL":"ARG","OBS":"Oficial - Validada","Secundaria":"0","Intervencion":0,"Carriles":4,"Shape__Length":20619.76781633768}}]}